Relative Time (to start of segment),aclx 1,aclx 2,aclx 3,aclx 4,aclx 5,aclx 6,aclx 7,aclx 8,acly 1,acly 2,acly 3,acly 4,acly 5,acly 6,acly 7,acly 8,aclz 1,aclz 2,aclz 3,aclz 4,aclz 5,aclz 6,aclz 7,aclz 8,gyrx 1,gyrx 2,gyrx 3,gyrx 4,gyrx 5,gyrx 6,gyrx 7,gyrx 8,gyry 1,gyry 2,gyry 3,gyry 4,gyry 5,gyry 6,gyry 7,gyry 8,gyrz 1,gyrz 2,gyrz 3,gyrz 4,gyrz 5,gyrz 6,gyrz 7,gyrz 8,magr 1,magr 2,magr 3,magr 4,magr 5,magr 6,magr 7,magr 8,magphi 1,magphi 2,magphi 3,magphi 4,magphi 5,magphi 6,magphi 7,magphi 8,magtheta 1,magtheta 2,magtheta 3,magtheta 4,magtheta 5,magtheta 6,magtheta 7,magtheta 8,
0.000000,-0.027174,,,,,,,,-0.034828,,,,,,,,-0.037520,,,,,,,,0.002211,,,,,,,,-0.006309,,,,,,,,-0.005832,,,,,,,,0.000000,,,,,,,,-0.037387,,,,,,,,0.034738,,,,,,,,
0.026316,-0.030982,,,,,,,,-0.033648,,,,,,,,-0.031431,,,,,,,,0.017687,,,,,,,,-0.025593,,,,,,,,0.012678,,,,,,,,0.000000,,,,,,,,-0.037485,,,,,,,,0.034825,,,,,,,,
0.052632,-0.034598,,,,,,,,-0.032204,,,,,,,,-0.024984,,,,,,,,0.033425,,,,,,,,-0.045563,,,,,,,,0.030934,,,,,,,,0.000000,,,,,,,,-0.037611,,,,,,,,0.034697,,,,,,,,
0.078947,-0.038285,,,,,,,,-0.030515,,,,,,,,-0.018200,,,,,,,,0.048114,,,,,,,,-0.061225,,,,,,,,0.049443,,,,,,,,0.000000,,,,,,,,-0.037770,,,,,,,,0.033951,,,,,,,,
0.131579,-0.041817,,,,,,,,-0.028269,,,,,,,,-0.011393,,,,,,,,0.062891,,,,,,,,-0.077475,,,,,,,,0.067953,,,,,,,,0.000000,,,,,,,,-0.037999,,,,,,,,0.033205,,,,,,,,
0.157895,-0.045150,,,,,,,,-0.025889,,,,,,,,-0.003888,,,,,,,,0.077755,,,,,,,,-0.094312,,,,,,,,0.086589,,,,,,,,0.000000,,,,,,,,-0.038237,,,,,,,,0.031575,,,,,,,,
0.184211,-0.048089,,,,,,,,-0.022538,,,,,,,,0.005710,,,,,,,,0.092794,,,,,,,,-0.111932,,,,,,,,0.105099,,,,,,,,0.000000,,,,,,,,-0.025661,,,,,,,,0.027454,,,,,,,,
0.210526,-0.047349,,,,,,,,-0.015478,,,,,,,,0.017695,,,,,,,,0.108008,,,,,,,,-0.130041,,,,,,,,0.123609,,,,,,,,0.000000,,,,,,,,-0.013766,,,,,,,,0.018783,,,,,,,,
0.236842,-0.051871,,,,,,,,-0.010007,,,,,,,,0.036912,,,,,,,,0.120839,,,,,,,,-0.142755,,,,,,,,0.137713,,,,,,,,0.000000,,,,,,,,0.003502,,,,,,,,0.010252,,,,,,,,
0.263158,-0.048785,,,,,,,,-0.006046,,,,,,,,0.044128,,,,,,,,0.126632,,,,,,,,-0.148151,,,,,,,,0.136160,,,,,,,,0.000000,,,,,,,,0.024088,,,,,,,,0.000428,,,,,,,,
0.289474,-0.037154,,,,,,,,0.005654,,,,,,,,0.048783,,,,,,,,0.110893,,,,,,,,-0.127986,,,,,,,,0.116509,,,,,,,,0.000000,,,,,,,,0.036155,,,,,,,,-0.009336,,,,,,,,
0.315789,-0.023814,,,,,,,,0.017227,,,,,,,,0.051688,,,,,,,,0.095155,,,,,,,,-0.115358,,,,,,,,0.096732,,,,,,,,0.000000,,,,,,,,0.048240,,,,,,,,-0.018139,,,,,,,,
0.342105,-0.007478,,,,,,,,0.027707,,,,,,,,0.055056,,,,,,,,0.078804,,,,,,,,-0.099206,,,,,,,,0.076954,,,,,,,,0.000000,,,,,,,,0.060407,,,,,,,,-0.028185,,,,,,,,
0.394737,0.006211,,,,,,,,0.038665,,,,,,,,0.057616,,,,,,,,0.062629,,,,,,,,-0.084914,,,,,,,,0.056289,,,,,,,,0.000000,,,,,,,,0.072554,,,,,,,,-0.036919,,,,,,,,
0.421053,0.018326,,,,,,,,0.048233,,,,,,,,0.060780,,,,,,,,0.046541,,,,,,,,-0.069252,,,,,,,,0.035498,,,,,,,,0.000000,,,,,,,,0.071971,,,,,,,,-0.042817,,,,,,,,
0.447368,0.026465,,,,,,,,0.054442,,,,,,,,0.061313,,,,,,,,0.030802,,,,,,,,-0.052121,,,,,,,,0.014706,,,,,,,,0.000000,,,,,,,,0.072009,,,,,,,,-0.043946,,,,,,,,
0.473684,0.037422,,,,,,,,0.061910,,,,,,,,0.055926,,,,,,,,0.025469,,,,,,,,-0.056624,,,,,,,,0.031187,,,,,,,,0.000000,,,,,,,,0.071449,,,,,,,,-0.048721,,,,,,,,
0.500000,0.059366,,,,,,,,0.079688,,,,,,,,0.058308,,,,,,,,-0.010675,,,,,,,,-0.018753,,,,,,,,-0.003344,,,,,,,,0.000000,,,,,,,,0.070366,,,,,,,,-0.058223,,,,,,,,
0.526316,0.058142,,,,,,,,0.080107,,,,,,,,0.059889,,,,,,,,-0.041070,,,,,,,,-0.026474,,,,,,,,0.013185,,,,,,,,0.000000,,,,,,,,0.070350,,,,,,,,-0.058317,,,,,,,,
0.552632,0.059139,,,,,,,,0.073864,,,,,,,,0.065104,,,,,,,,-0.049202,,,,,,,,-0.006799,,,,,,,,0.011410,,,,,,,,0.000000,,,,,,,,0.070604,,,,,,,,-0.064666,,,,,,,,
0.578947,0.054363,,,,,,,,0.066939,,,,,,,,0.067722,,,,,,,,-0.056109,,,,,,,,0.010528,,,,,,,,0.006973,,,,,,,,0.000000,,,,,,,,0.070912,,,,,,,,-0.069206,,,,,,,,
0.605263,0.053017,,,,,,,,0.059633,,,,,,,,0.069891,,,,,,,,-0.065902,,,,,,,,0.017380,,,,,,,,0.010903,,,,,,,,0.000000,,,,,,,,0.058722,,,,,,,,-0.065793,,,,,,,,
0.657895,0.056649,,,,,,,,0.054214,,,,,,,,0.074161,,,,,,,,-0.074820,,,,,,,,0.030204,,,,,,,,0.013312,,,,,,,,0.000000,,,,,,,,0.058988,,,,,,,,-0.071697,,,,,,,,
0.684211,0.060092,,,,,,,,0.048439,,,,,,,,0.078292,,,,,,,,-0.084263,,,,,,,,0.043810,,,,,,,,0.015087,,,,,,,,0.000000,,,,,,,,0.059364,,,,,,,,-0.077660,,,,,,,,
0.710526,0.058723,,,,,,,,0.040699,,,,,,,,0.081855,,,,,,,,-0.088460,,,,,,,,0.061039,,,,,,,,-0.001521,,,,,,,,0.000000,,,,,,,,0.047419,,,,,,,,-0.069812,,,,,,,,
0.736842,0.051256,,,,,,,,0.026854,,,,,,,,0.068930,,,,,,,,-0.086012,,,,,,,,0.066423,,,,,,,,-0.002028,,,,,,,,0.000000,,,,,,,,0.035489,,,,,,,,-0.060234,,,,,,,,
0.763158,0.054751,,,,,,,,0.012445,,,,,,,,0.073408,,,,,,,,-0.060055,,,,,,,,0.087518,,,,,,,,-0.018034,,,,,,,,0.000000,,,,,,,,0.031662,,,,,,,,-0.065872,,,,,,,,
0.789474,0.046740,,,,,,,,0.006183,,,,,,,,0.059535,,,,,,,,-0.062842,,,,,,,,0.093342,,,,,,,,-0.019017,,,,,,,,0.000000,,,,,,,,0.011826,,,,,,,,-0.040637,,,,,,,,
0.815789,0.037536,,,,,,,,0.000773,,,,,,,,0.045077,,,,,,,,-0.054623,,,,,,,,0.074743,,,,,,,,-0.013312,,,,,,,,0.000000,,,,,,,,-0.000448,,,,,,,,-0.024252,,,,,,,,
0.842105,0.027571,,,,,,,,-0.004842,,,,,,,,0.032199,,,,,,,,-0.043781,,,,,,,,0.070045,,,,,,,,-0.015340,,,,,,,,0.000000,,,,,,,,-0.000190,,,,,,,,-0.017329,,,,,,,,
0.868421,0.014369,,,,,,,,-0.012201,,,,,,,,0.014515,,,,,,,,-0.033813,,,,,,,,0.059277,,,,,,,,-0.015213,,,,,,,,0.000000,,,,,,,,-0.012477,,,,,,,,-0.000780,,,,,,,,
0.921053,0.000740,,,,,,,,-0.019233,,,,,,,,-0.003481,,,,,,,,-0.023758,,,,,,,,0.046943,,,,,,,,-0.014833,,,,,,,,0.000000,,,,,,,,-0.024826,,,,,,,,0.015427,,,,,,,,
0.947368,-0.007702,,,,,,,,-0.022184,,,,,,,,-0.012540,,,,,,,,-0.013965,,,,,,,,0.032064,,,,,,,,-0.013058,,,,,,,,0.000000,,,,,,,,-0.024904,,,,,,,,0.017094,,,,,,,,
0.973684,-0.010130,,,,,,,,-0.020974,,,,,,,,-0.013664,,,,,,,,-0.015626,,,,,,,,0.029127,,,,,,,,-0.010776,,,,,,,,0.000000,,,,,,,,-0.024988,,,,,,,,0.019459,,,,,,,,
1.000000,-0.021731,,,,,,,,-0.027408,,,,,,,,-0.029623,,,,,,,,-0.016238,,,,,,,,0.028833,,,,,,,,-0.011537,,,,,,,,0.000000,,,,,,,,-0.037419,,,,,,,,0.034858,,,,,,,,
0.000000,,-0.029807,,,,,,,,-0.032843,,,,,,,,-0.038076,,,,,,,,0.014801,,,,,,,,-0.011987,,,,,,,,0.009001,,,,,,,,0.000000,,,,,,,,-0.037683,,,,,,,,0.034551,,,,,,,
0.025000,,-0.022395,,,,,,,,-0.020989,,,,,,,,-0.031094,,,,,,,,0.032802,,,,,,,,-0.033840,,,,,,,,0.021045,,,,,,,,0.000000,,,,,,,,-0.024040,,,,,,,,0.024627,,,,,,,
0.050000,,-0.023215,,,,,,,,-0.022081,,,,,,,,-0.032353,,,,,,,,0.029403,,,,,,,,-0.030977,,,,,,,,0.018002,,,,,,,,0.000000,,,,,,,,-0.025588,,,,,,,,0.026531,,,,,,,
0.075000,,-0.010817,,,,,,,,-0.009598,,,,,,,,-0.026378,,,,,,,,0.030190,,,,,,,,-0.029509,,,,,,,,0.012424,,,,,,,,0.000000,,,,,,,,-0.013810,,,,,,,,0.016348,,,,,,,
0.100000,,0.001734,,,,,,,,0.002562,,,,,,,,-0.019653,,,,,,,,0.034387,,,,,,,,-0.032054,,,,,,,,0.002916,,,,,,,,0.000000,,,,,,,,-0.001945,,,,,,,,0.005420,,,,,,,
0.125000,,0.013932,,,,,,,,0.014308,,,,,,,,-0.013834,,,,,,,,0.038584,,,,,,,,-0.032348,,,,,,,,-0.006466,,,,,,,,0.000000,,,,,,,,0.009907,,,,,,,,-0.005843,,,,,,,
0.175000,,0.025954,,,,,,,,0.025592,,,,,,,,-0.008794,,,,,,,,0.030015,,,,,,,,-0.026083,,,,,,,,-0.030046,,,,,,,,0.000000,,,,,,,,0.021848,,,,,,,,-0.016465,,,,,,,
0.200000,,0.038371,,,,,,,,0.036022,,,,,,,,-0.005216,,,,,,,,0.033425,,,,,,,,-0.025398,,,,,,,,-0.038033,,,,,,,,0.000000,,,,,,,,0.033893,,,,,,,,-0.025882,,,,,,,
0.225000,,0.050329,,,,,,,,0.047859,,,,,,,,0.000812,,,,,,,,0.036223,,,,,,,,-0.024125,,,,,,,,-0.045387,,,,,,,,0.000000,,,,,,,,0.045761,,,,,,,,-0.037670,,,,,,,
0.250000,,0.055946,,,,,,,,0.049779,,,,,,,,0.000447,,,,,,,,0.023632,,,,,,,,-0.003862,,,,,,,,-0.061487,,,,,,,,0.000000,,,,,,,,0.045406,,,,,,,,-0.040522,,,,,,,
0.275000,,0.079906,,,,,,,,0.074154,,,,,,,,0.011900,,,,,,,,0.025031,,,,,,,,-0.011155,,,,,,,,-0.070805,,,,,,,,0.000000,,,,,,,,0.069073,,,,,,,,-0.063098,,,,,,,
0.300000,,0.078891,,,,,,,,0.074578,,,,,,,,0.012497,,,,,,,,0.024857,,,,,,,,-0.008169,,,,,,,,-0.071122,,,,,,,,0.000000,,,,,,,,0.069120,,,,,,,,-0.064174,,,,,,,
0.325000,,0.080648,,,,,,,,0.075184,,,,,,,,0.012208,,,,,,,,0.016725,,,,,,,,0.001130,,,,,,,,-0.064784,,,,,,,,0.000000,,,,,,,,0.069141,,,,,,,,-0.065202,,,,,,,
0.350000,,0.079884,,,,,,,,0.075402,,,,,,,,0.015111,,,,,,,,0.008156,,,,,,,,0.007689,,,,,,,,-0.058318,,,,,,,,0.000000,,,,,,,,0.069230,,,,,,,,-0.064895,,,,,,,
0.375000,,0.079893,,,,,,,,0.074940,,,,,,,,0.019270,,,,,,,,0.000112,,,,,,,,0.013856,,,,,,,,-0.052740,,,,,,,,0.000000,,,,,,,,0.069381,,,,,,,,-0.067529,,,,,,,
0.425000,,0.079109,,,,,,,,0.074819,,,,,,,,0.023597,,,,,,,,-0.009593,,,,,,,,0.013660,,,,,,,,-0.038667,,,,,,,,0.000000,,,,,,,,0.069434,,,,,,,,-0.068160,,,,,,,
0.450000,,0.078129,,,,,,,,0.074617,,,,,,,,0.028085,,,,,,,,-0.019561,,,,,,,,0.017184,,,,,,,,-0.027130,,,,,,,,0.000000,,,,,,,,0.069479,,,,,,,,-0.068474,,,,,,,
0.475000,,0.076283,,,,,,,,0.073027,,,,,,,,0.034465,,,,,,,,-0.032414,,,,,,,,0.022960,,,,,,,,-0.015974,,,,,,,,0.000000,,,,,,,,0.069818,,,,,,,,-0.071036,,,,,,,
0.500000,,0.074439,,,,,,,,0.072872,,,,,,,,0.039159,,,,,,,,-0.033988,,,,,,,,0.037741,,,,,,,,-0.016861,,,,,,,,0.000000,,,,,,,,0.069899,,,,,,,,-0.071597,,,,,,,
0.525000,,0.070161,,,,,,,,0.069341,,,,,,,,0.046755,,,,,,,,-0.044316,,,,,,,,0.046001,,,,,,,,-0.005198,,,,,,,,0.000000,,,,,,,,0.070688,,,,,,,,-0.073417,,,,,,,
0.550000,,0.064816,,,,,,,,0.070340,,,,,,,,0.049323,,,,,,,,-0.038534,,,,,,,,0.047824,,,,,,,,0.005451,,,,,,,,0.000000,,,,,,,,0.070569,,,,,,,,-0.072118,,,,,,,
0.575000,,0.056097,,,,,,,,0.060513,,,,,,,,0.051020,,,,,,,,-0.042906,,,,,,,,0.054089,,,,,,,,0.002409,,,,,,,,0.000000,,,,,,,,0.058475,,,,,,,,-0.068998,,,,,,,
0.600000,,0.047279,,,,,,,,0.051222,,,,,,,,0.052600,,,,,,,,-0.047628,,,,,,,,0.059081,,,,,,,,0.000127,,,,,,,,0.000000,,,,,,,,0.046329,,,,,,,,-0.063604,,,,,,,
0.625000,,0.038007,,,,,,,,0.040083,,,,,,,,0.049228,,,,,,,,-0.034512,,,,,,,,0.071611,,,,,,,,-0.006466,,,,,,,,0.000000,,,,,,,,0.034507,,,,,,,,-0.053473,,,,,,,
0.675000,,0.029341,,,,,,,,0.030633,,,,,,,,0.048935,,,,,,,,-0.036086,,,,,,,,0.079834,,,,,,,,-0.017242,,,,,,,,0.000000,,,,,,,,0.022460,,,,,,,,-0.048872,,,,,,,
0.700000,,0.021043,,,,,,,,0.022043,,,,,,,,0.045814,,,,,,,,-0.034425,,,,,,,,0.082379,,,,,,,,-0.026497,,,,,,,,0.000000,,,,,,,,0.010174,,,,,,,,-0.041209,,,,,,,
0.725000,,0.012212,,,,,,,,0.010283,,,,,,,,0.039025,,,,,,,,-0.040458,,,,,,,,0.081008,,,,,,,,-0.029666,,,,,,,,0.000000,,,,,,,,-0.001726,,,,,,,,-0.028961,,,,,,,
0.750000,,0.006211,,,,,,,,0.002181,,,,,,,,0.037157,,,,,,,,-0.047191,,,,,,,,0.080617,,,,,,,,-0.034484,,,,,,,,0.000000,,,,,,,,-0.014294,,,,,,,,-0.023207,,,,,,,
0.775000,,-0.012162,,,,,,,,-0.021629,,,,,,,,0.025352,,,,,,,,-0.049333,,,,,,,,0.075624,,,,,,,,-0.046417,,,,,,,,0.000000,,,,,,,,-0.038153,,,,,,,,-0.004347,,,,,,,
0.800000,,-0.012807,,,,,,,,-0.022070,,,,,,,,0.024195,,,,,,,,-0.052000,,,,,,,,0.065248,,,,,,,,-0.049697,,,,,,,,0.000000,,,,,,,,-0.038128,,,,,,,,-0.003371,,,,,,,
0.825000,,-0.016166,,,,,,,,-0.023874,,,,,,,,0.012953,,,,,,,,-0.043343,,,,,,,,0.053403,,,,,,,,-0.044499,,,,,,,,0.000000,,,,,,,,-0.038011,,,,,,,,0.004820,,,,,,,
0.850000,,-0.018829,,,,,,,,-0.024132,,,,,,,,0.006342,,,,,,,,-0.050163,,,,,,,,0.040384,,,,,,,,-0.044119,,,,,,,,0.000000,,,,,,,,-0.038123,,,,,,,,0.007269,,,,,,,
0.875000,,-0.021799,,,,,,,,-0.026214,,,,,,,,-0.004153,,,,,,,,-0.041507,,,,,,,,0.027463,,,,,,,,-0.037780,,,,,,,,0.000000,,,,,,,,-0.037996,,,,,,,,0.015325,,,,,,,
0.925000,,-0.024666,,,,,,,,-0.028074,,,,,,,,-0.014072,,,,,,,,-0.032326,,,,,,,,0.017576,,,,,,,,-0.032835,,,,,,,,0.000000,,,,,,,,-0.037897,,,,,,,,0.023010,,,,,,,
0.950000,,-0.026507,,,,,,,,-0.028472,,,,,,,,-0.017992,,,,,,,,-0.023408,,,,,,,,0.011703,,,,,,,,-0.026497,,,,,,,,0.000000,,,,,,,,-0.037904,,,,,,,,0.022612,,,,,,,
0.975000,,-0.029618,,,,,,,,-0.029952,,,,,,,,-0.027751,,,,,,,,-0.014752,,,,,,,,0.005731,,,,,,,,-0.020158,,,,,,,,0.000000,,,,,,,,-0.037836,,,,,,,,0.030065,,,,,,,
1.000000,,-0.030380,,,,,,,,-0.030255,,,,,,,,-0.031095,,,,,,,,-0.013449,,,,,,,,0.004351,,,,,,,,-0.019118,,,,,,,,0.000000,,,,,,,,-0.037845,,,,,,,,0.032417,,,,,,,
0.000000,,,-0.034183,,,,,,,,-0.033589,,,,,,,,-0.047462,,,,,,,,0.001336,,,,,,,,-0.007777,,,,,,,,-0.007607,,,,,,,,0.000000,,,,,,,,-0.037725,,,,,,,,0.045016,,,,,,
0.023256,,,-0.033957,,,,,,,,-0.033645,,,,,,,,-0.046933,,,,,,,,0.018037,,,,,,,,-0.032348,,,,,,,,0.013058,,,,,,,,0.000000,,,,,,,,-0.037703,,,,,,,,0.044555,,,,,,
0.046512,,,-0.033666,,,,,,,,-0.033639,,,,,,,,-0.046307,,,,,,,,0.027917,,,,,,,,-0.053394,,,,,,,,0.020031,,,,,,,,0.000000,,,,,,,,-0.037696,,,,,,,,0.044191,,,,,,
0.069767,,,-0.029655,,,,,,,,-0.028038,,,,,,,,-0.037795,,,,,,,,0.033775,,,,,,,,-0.062106,,,,,,,,0.017115,,,,,,,,0.000000,,,,,,,,-0.025659,,,,,,,,0.032963,,,,,,
0.093023,,,-0.028468,,,,,,,,-0.027610,,,,,,,,-0.035245,,,,,,,,0.037130,,,,,,,,-0.069191,,,,,,,,0.020047,,,,,,,,0.000000,,,,,,,,-0.024110,,,,,,,,0.029891,,,,,,
0.116279,,,-0.029083,,,,,,,,-0.028696,,,,,,,,-0.034031,,,,,,,,0.031589,,,,,,,,-0.062204,,,,,,,,0.016861,,,,,,,,0.000000,,,,,,,,-0.025587,,,,,,,,0.031830,,,,,,
0.139535,,,-0.016870,,,,,,,,-0.015747,,,,,,,,-0.024594,,,,,,,,0.032638,,,,,,,,-0.065924,,,,,,,,0.012044,,,,,,,,0.000000,,,,,,,,-0.013715,,,,,,,,0.020485,,,,,,
0.162791,,,-0.004357,,,,,,,,-0.003449,,,,,,,,-0.014149,,,,,,,,0.033163,,,,,,,,-0.065043,,,,,,,,0.006973,,,,,,,,0.000000,,,,,,,,-0.001693,,,,,,,,0.007281,,,,,,
0.186047,,,0.007986,,,,,,,,0.009295,,,,,,,,-0.005004,,,,,,,,0.033076,,,,,,,,-0.064260,,,,,,,,0.004310,,,,,,,,0.000000,,,,,,,,0.010192,,,,,,,,-0.004394,,,,,,
0.232558,,,0.020276,,,,,,,,0.022088,,,,,,,,0.004944,,,,,,,,0.015938,,,,,,,,-0.040668,,,,,,,,-0.019397,,,,,,,,0.000000,,,,,,,,0.022077,,,,,,,,-0.015891,,,,,,
0.255814,,,0.033019,,,,,,,,0.034502,,,,,,,,0.015323,,,,,,,,0.005796,,,,,,,,-0.021090,,,,,,,,-0.029539,,,,,,,,0.000000,,,,,,,,0.033946,,,,,,,,-0.028256,,,,,,
0.279070,,,0.041598,,,,,,,,0.041323,,,,,,,,0.017959,,,,,,,,-0.000150,,,,,,,,-0.012378,,,,,,,,-0.026497,,,,,,,,0.000000,,,,,,,,0.033841,,,,,,,,-0.029376,,,,,,
0.302326,,,0.054616,,,,,,,,0.053961,,,,,,,,0.028725,,,,,,,,0.000462,,,,,,,,-0.010910,,,,,,,,-0.026750,,,,,,,,0.000000,,,,,,,,0.045703,,,,,,,,-0.041788,,,,,,
0.325581,,,0.079486,,,,,,,,0.079969,,,,,,,,0.046515,,,,,,,,0.003489,,,,,,,,-0.015670,,,,,,,,-0.034436,,,,,,,,0.000000,,,,,,,,0.069437,,,,,,,,-0.064804,,,,,,
0.348837,,,0.079599,,,,,,,,0.081162,,,,,,,,0.049335,,,,,,,,0.001861,,,,,,,,-0.008561,,,,,,,,-0.028779,,,,,,,,0.000000,,,,,,,,0.069392,,,,,,,,-0.064506,,,,,,
0.372093,,,0.081619,,,,,,,,0.081849,,,,,,,,0.052033,,,,,,,,0.001424,,,,,,,,-0.008854,,,,,,,,-0.023961,,,,,,,,0.000000,,,,,,,,0.069351,,,,,,,,-0.066746,,,,,,
0.395349,,,0.083236,,,,,,,,0.082464,,,,,,,,0.054741,,,,,,,,0.001686,,,,,,,,-0.009148,,,,,,,,-0.021425,,,,,,,,0.000000,,,,,,,,0.069326,,,,,,,,-0.068234,,,,,,
0.418605,,,0.085163,,,,,,,,0.082955,,,,,,,,0.056753,,,,,,,,0.001774,,,,,,,,-0.008071,,,,,,,,-0.018763,,,,,,,,0.000000,,,,,,,,0.069280,,,,,,,,-0.070485,,,,,,
0.465116,,,0.085678,,,,,,,,0.083943,,,,,,,,0.056435,,,,,,,,0.001599,,,,,,,,-0.006603,,,,,,,,-0.015847,,,,,,,,0.000000,,,,,,,,0.069287,,,,,,,,-0.069146,,,,,,
0.488372,,,0.087404,,,,,,,,0.084536,,,,,,,,0.058444,,,,,,,,0.001161,,,,,,,,-0.006701,,,,,,,,-0.016228,,,,,,,,0.000000,,,,,,,,0.069284,,,,,,,,-0.071526,,,,,,
0.511628,,,0.089090,,,,,,,,0.083161,,,,,,,,0.053651,,,,,,,,0.000724,,,,,,,,-0.007680,,,,,,,,-0.015974,,,,,,,,0.000000,,,,,,,,0.069237,,,,,,,,-0.071673,,,,,,
0.534884,,,0.090310,,,,,,,,0.083365,,,,,,,,0.055301,,,,,,,,-0.000587,,,,,,,,-0.003372,,,,,,,,-0.011156,,,,,,,,0.000000,,,,,,,,0.069247,,,,,,,,-0.073924,,,,,,
0.558140,,,0.092942,,,,,,,,0.082863,,,,,,,,0.055728,,,,,,,,-0.000544,,,,,,,,-0.004767,,,,,,,,-0.009334,,,,,,,,0.000000,,,,,,,,0.069268,,,,,,,,-0.077409,,,,,,
0.581395,,,0.083805,,,,,,,,0.075928,,,,,,,,0.054709,,,,,,,,-0.001024,,,,,,,,-0.005526,,,,,,,,-0.008748,,,,,,,,0.000000,,,,,,,,0.070772,,,,,,,,-0.068864,,,,,,
0.604651,,,0.068333,,,,,,,,0.059449,,,,,,,,0.051273,,,,,,,,-0.018599,,,,,,,,-0.004351,,,,,,,,-0.028905,,,,,,,,0.000000,,,,,,,,0.059046,,,,,,,,-0.060411,,,,,,
0.627907,,,0.052340,,,,,,,,0.042981,,,,,,,,0.038003,,,,,,,,-0.036436,,,,,,,,-0.008365,,,,,,,,-0.050458,,,,,,,,0.000000,,,,,,,,0.047221,,,,,,,,-0.049109,,,,,,
0.651163,,,0.040409,,,,,,,,0.024591,,,,,,,,0.051347,,,,,,,,-0.034600,,,,,,,,-0.008071,,,,,,,,-0.048683,,,,,,,,0.000000,,,,,,,,0.035364,,,,,,,,-0.040468,,,,,,
0.697674,,,0.023941,,,,,,,,0.001831,,,,,,,,0.062765,,,,,,,,-0.045879,,,,,,,,-0.010029,,,,,,,,-0.050711,,,,,,,,0.000000,,,,,,,,0.023564,,,,,,,,-0.029211,,,,,,
0.720930,,,0.008383,,,,,,,,-0.012491,,,,,,,,0.063431,,,,,,,,-0.030053,,,,,,,,-0.026866,,,,,,,,-0.052233,,,,,,,,0.000000,,,,,,,,0.011734,,,,,,,,-0.017313,,,,,,
0.744186,,,-0.004407,,,,,,,,-0.025081,,,,,,,,0.054528,,,,,,,,-0.028392,,,,,,,,-0.024908,,,,,,,,-0.050584,,,,,,,,0.000000,,,,,,,,-0.000138,,,,,,,,-0.007055,,,,,,
0.767442,,,-0.026047,,,,,,,,-0.044319,,,,,,,,0.066272,,,,,,,,-0.026905,,,,,,,,-0.024517,,,,,,,,-0.049443,,,,,,,,0.000000,,,,,,,,-0.011920,,,,,,,,0.003861,,,,,,
0.790698,,,-0.046098,,,,,,,,-0.065610,,,,,,,,0.070614,,,,,,,,-0.028676,,,,,,,,-0.026132,,,,,,,,-0.053690,,,,,,,,0.000000,,,,,,,,-0.037198,,,,,,,,0.018636,,,,,,
0.813953,,,-0.034342,,,,,,,,-0.053872,,,,,,,,0.064828,,,,,,,,-0.006183,,,,,,,,-0.024614,,,,,,,,-0.025863,,,,,,,,0.000000,,,,,,,,-0.037112,,,,,,,,0.020327,,,,,,
0.837209,,,-0.032556,,,,,,,,-0.049668,,,,,,,,0.067399,,,,,,,,0.012790,,,,,,,,-0.020014,,,,,,,,-0.003803,,,,,,,,0.000000,,,,,,,,-0.037227,,,,,,,,0.022109,,,,,,
0.860465,,,-0.034108,,,,,,,,-0.043759,,,,,,,,0.045459,,,,,,,,0.012091,,,,,,,,-0.019720,,,,,,,,-0.005198,,,,,,,,0.000000,,,,,,,,-0.037336,,,,,,,,0.023346,,,,,,
0.883721,,,-0.031788,,,,,,,,-0.033118,,,,,,,,0.023213,,,,,,,,0.024594,,,,,,,,-0.016979,,,,,,,,-0.002916,,,,,,,,0.000000,,,,,,,,-0.037506,,,,,,,,0.024795,,,,,,
0.930233,,,-0.031216,,,,,,,,-0.029148,,,,,,,,0.017412,,,,,,,,0.009992,,,,,,,,0.000445,,,,,,,,-0.001268,,,,,,,,0.000000,,,,,,,,-0.037564,,,,,,,,0.025513,,,,,,
0.953488,,,-0.032123,,,,,,,,-0.028781,,,,,,,,0.015890,,,,,,,,0.009468,,,,,,,,-0.001023,,,,,,,,-0.002916,,,,,,,,0.000000,,,,,,,,-0.037634,,,,,,,,0.027520,,,,,,
0.976744,,,-0.024400,,,,,,,,-0.022007,,,,,,,,-0.006495,,,,,,,,0.008681,,,,,,,,-0.001415,,,,,,,,-0.004564,,,,,,,,0.000000,,,,,,,,-0.037782,,,,,,,,0.029136,,,,,,
1.000000,,,-0.024901,,,,,,,,-0.022598,,,,,,,,-0.017653,,,,,,,,0.008331,,,,,,,,-0.001317,,,,,,,,-0.005959,,,,,,,,0.000000,,,,,,,,-0.037750,,,,,,,,0.028197,,,,,,
0.000000,,,,-0.033058,,,,,,,,-0.028802,,,,,,,,-0.032244,,,,,,,,0.001511,,,,,,,,-0.006505,,,,,,,,-0.006085,,,,,,,,0.000000,,,,,,,,-0.037773,,,,,,,,0.033082,,,,,
0.026316,,,,-0.037061,,,,,,,,-0.028841,,,,,,,,-0.024108,,,,,,,,0.014015,,,,,,,,-0.016979,,,,,,,,0.009635,,,,,,,,0.000000,,,,,,,,-0.037824,,,,,,,,0.033551,,,,,
0.052632,,,,-0.039113,,,,,,,,-0.026990,,,,,,,,-0.019940,,,,,,,,0.019610,,,,,,,,-0.012476,,,,,,,,0.015467,,,,,,,,0.000000,,,,,,,,-0.037860,,,,,,,,0.034523,,,,,
0.078947,,,,-0.041856,,,,,,,,-0.023983,,,,,,,,-0.007359,,,,,,,,0.029141,,,,,,,,-0.013749,,,,,,,,0.027004,,,,,,,,0.000000,,,,,,,,-0.025455,,,,,,,,0.028250,,,,,
0.131579,,,,-0.045835,,,,,,,,-0.023943,,,,,,,,0.000557,,,,,,,,0.039371,,,,,,,,-0.017664,,,,,,,,0.039808,,,,,,,,0.000000,,,,,,,,-0.025497,,,,,,,,0.028779,,,,,
0.157895,,,,-0.046222,,,,,,,,-0.018372,,,,,,,,0.016246,,,,,,,,0.050388,,,,,,,,-0.023929,,,,,,,,0.054134,,,,,,,,0.000000,,,,,,,,-0.013466,,,,,,,,0.018462,,,,,
0.184211,,,,-0.045339,,,,,,,,-0.013433,,,,,,,,0.032238,,,,,,,,0.062017,,,,,,,,-0.032739,,,,,,,,0.069348,,,,,,,,0.000000,,,,,,,,-0.001469,,,,,,,,0.006560,,,,,
0.210526,,,,-0.044345,,,,,,,,-0.007218,,,,,,,,0.049719,,,,,,,,0.064727,,,,,,,,-0.034305,,,,,,,,0.064530,,,,,,,,0.000000,,,,,,,,0.010477,,,,,,,,-0.004864,,,,,
0.236842,,,,-0.050349,,,,,,,,-0.003793,,,,,,,,0.070089,,,,,,,,0.074214,,,,,,,,-0.034611,,,,,,,,0.069966,,,,,,,,0.000000,,,,,,,,0.016456,,,,,,,,-0.008337,,,,,
0.263158,,,,-0.043033,,,,,,,,0.005865,,,,,,,,0.082803,,,,,,,,0.054847,,,,,,,,-0.019133,,,,,,,,0.038541,,,,,,,,0.000000,,,,,,,,0.034383,,,,,,,,-0.023770,,,,,
0.289474,,,,-0.030674,,,,,,,,0.016743,,,,,,,,0.085467,,,,,,,,0.048727,,,,,,,,-0.036165,,,,,,,,0.032709,,,,,,,,0.000000,,,,,,,,0.046332,,,,,,,,-0.033730,,,,,
0.315789,,,,-0.013562,,,,,,,,0.026169,,,,,,,,0.084493,,,,,,,,0.038846,,,,,,,,-0.040179,,,,,,,,0.022947,,,,,,,,0.000000,,,,,,,,0.045859,,,,,,,,-0.039044,,,,,
0.342105,,,,0.001403,,,,,,,,0.038911,,,,,,,,0.084427,,,,,,,,0.028616,,,,,,,,-0.036459,,,,,,,,0.010015,,,,,,,,0.000000,,,,,,,,0.057808,,,,,,,,-0.051282,,,,,
0.394737,,,,0.011904,,,,,,,,0.045867,,,,,,,,0.076835,,,,,,,,0.016987,,,,,,,,-0.032446,,,,,,,,-0.005705,,,,,,,,0.000000,,,,,,,,0.057719,,,,,,,,-0.050404,,,,,
0.421053,,,,0.020123,,,,,,,,0.053417,,,,,,,,0.066249,,,,,,,,0.005708,,,,,,,,-0.024614,,,,,,,,-0.020158,,,,,,,,0.000000,,,,,,,,0.057696,,,,,,,,-0.047807,,,,,
0.447368,,,,0.030427,,,,,,,,0.059591,,,,,,,,0.058057,,,,,,,,0.003522,,,,,,,,-0.023929,,,,,,,,-0.014960,,,,,,,,0.000000,,,,,,,,0.057692,,,,,,,,-0.048784,,,,,
0.473684,,,,0.046421,,,,,,,,0.070041,,,,,,,,0.055623,,,,,,,,0.002386,,,,,,,,-0.027845,,,,,,,,-0.011410,,,,,,,,0.000000,,,,,,,,0.069712,,,,,,,,-0.061276,,,,,
0.500000,,,,0.066704,,,,,,,,0.081332,,,,,,,,0.034160,,,,,,,,-0.000347,,,,,,,,-0.044853,,,,,,,,-0.001204,,,,,,,,0.000000,,,,,,,,0.069709,,,,,,,,-0.061601,,,,,
0.526316,,,,0.067427,,,,,,,,0.079219,,,,,,,,0.026878,,,,,,,,-0.018949,,,,,,,,-0.025789,,,,,,,,0.027384,,,,,,,,0.000000,,,,,,,,0.069702,,,,,,,,-0.062799,,,,,
0.552632,,,,0.066745,,,,,,,,0.076786,,,,,,,,0.023400,,,,,,,,-0.036349,,,,,,,,-0.009833,,,,,,,,0.029413,,,,,,,,0.000000,,,,,,,,0.069758,,,,,,,,-0.064180,,,,,
0.578947,,,,0.069360,,,,,,,,0.073932,,,,,,,,0.024266,,,,,,,,-0.052524,,,,,,,,0.002403,,,,,,,,0.023581,,,,,,,,0.000000,,,,,,,,0.069847,,,,,,,,-0.065671,,,,,
0.605263,,,,0.063523,,,,,,,,0.063696,,,,,,,,0.030810,,,,,,,,-0.064590,,,,,,,,0.028148,,,,,,,,0.015847,,,,,,,,0.000000,,,,,,,,0.070547,,,,,,,,-0.067479,,,,,
0.657895,,,,0.066954,,,,,,,,0.060032,,,,,,,,0.035957,,,,,,,,-0.075782,,,,,,,,0.037252,,,,,,,,0.007860,,,,,,,,0.000000,,,,,,,,0.070622,,,,,,,,-0.072450,,,,,
0.684211,,,,0.068228,,,,,,,,0.055791,,,,,,,,0.037520,,,,,,,,-0.084351,,,,,,,,0.044104,,,,,,,,0.003296,,,,,,,,0.000000,,,,,,,,0.070783,,,,,,,,-0.074545,,,,,
0.710526,,,,0.065078,,,,,,,,0.048828,,,,,,,,0.033143,,,,,,,,-0.101838,,,,,,,,0.051152,,,,,,,,0.011410,,,,,,,,0.000000,,,,,,,,0.058900,,,,,,,,-0.065834,,,,,
0.736842,,,,0.067832,,,,,,,,0.046425,,,,,,,,0.039610,,,,,,,,-0.118188,,,,,,,,0.072002,,,,,,,,0.016988,,,,,,,,0.000000,,,,,,,,0.059069,,,,,,,,-0.071213,,,,,
0.763158,,,,0.064394,,,,,,,,0.034087,,,,,,,,0.044431,,,,,,,,-0.129894,,,,,,,,0.083443,,,,,,,,-0.002203,,,,,,,,0.000000,,,,,,,,0.044385,,,,,,,,-0.061237,,,,,
0.789474,,,,0.065536,,,,,,,,0.033218,,,,,,,,0.054120,,,,,,,,-0.130867,,,,,,,,0.072100,,,,,,,,0.011917,,,,,,,,0.000000,,,,,,,,0.047634,,,,,,,,-0.067283,,,,,
0.815789,,,,0.052426,,,,,,,,0.023233,,,,,,,,0.045339,,,,,,,,-0.114079,,,,,,,,0.060745,,,,,,,,0.018763,,,,,,,,0.000000,,,,,,,,0.035629,,,,,,,,-0.054426,,,,,
0.842105,,,,0.048616,,,,,,,,0.020792,,,,,,,,0.030957,,,,,,,,-0.100701,,,,,,,,0.038035,,,,,,,,0.028398,,,,,,,,0.000000,,,,,,,,0.022999,,,,,,,,-0.043731,,,,,
0.868421,,,,0.036560,,,,,,,,0.011848,,,,,,,,0.020994,,,,,,,,-0.089597,,,,,,,,0.030106,,,,,,,,0.036639,,,,,,,,0.000000,,,,,,,,0.010960,,,,,,,,-0.030205,,,,,
0.921053,,,,0.024223,,,,,,,,0.003671,,,,,,,,0.010617,,,,,,,,-0.081465,,,,,,,,0.023547,,,,,,,,0.041837,,,,,,,,0.000000,,,,,,,,-0.001155,,,,,,,,-0.016085,,,,,
0.947368,,,,0.015865,,,,,,,,-0.000689,,,,,,,,0.008934,,,,,,,,-0.064241,,,,,,,,0.016891,,,,,,,,0.034230,,,,,,,,0.000000,,,,,,,,-0.001242,,,,,,,,-0.014031,,,,,
0.973684,,,,0.003029,,,,,,,,-0.009741,,,,,,,,0.000119,,,,,,,,-0.046316,,,,,,,,0.006710,,,,,,,,0.027257,,,,,,,,0.000000,,,,,,,,-0.013378,,,,,,,,0.000065,,,,,
1.000000,,,,-0.004323,,,,,,,,-0.013182,,,,,,,,-0.002632,,,,,,,,-0.029616,,,,,,,,0.003088,,,,,,,,0.017749,,,,,,,,0.000000,,,,,,,,-0.013451,,,,,,,,0.000164,,,,,
0.000000,,,,,-0.029697,,,,,,,,-0.029285,,,,,,,,-0.026761,,,,,,,,0.002123,,,,,,,,-0.007777,,,,,,,,-0.005071,,,,,,,,0.000000,,,,,,,,-0.037850,,,,,,,,0.029843,,,,
0.166667,,,,,-0.027421,,,,,,,,-0.029296,,,,,,,,-0.024995,,,,,,,,0.002735,,,,,,,,-0.004645,,,,,,,,-0.003677,,,,,,,,0.000000,,,,,,,,-0.037797,,,,,,,,0.029718,,,,
0.500000,,,,,-0.026044,,,,,,,,-0.029359,,,,,,,,-0.024189,,,,,,,,0.003522,,,,,,,,0.000152,,,,,,,,-0.003423,,,,,,,,0.000000,,,,,,,,-0.037759,,,,,,,,0.029534,,,,
0.666667,,,,,-0.025926,,,,,,,,-0.029516,,,,,,,,-0.024115,,,,,,,,0.004484,,,,,,,,0.005144,,,,,,,,-0.003550,,,,,,,,0.000000,,,,,,,,-0.037730,,,,,,,,0.029420,,,,
0.833333,,,,,-0.026401,,,,,,,,-0.029133,,,,,,,,-0.025055,,,,,,,,0.005673,,,,,,,,0.010254,,,,,,,,-0.003030,,,,,,,,0.000000,,,,,,,,-0.037783,,,,,,,,0.028579,,,,
1.000000,,,,,-0.026468,,,,,,,,-0.029350,,,,,,,,-0.023242,,,,,,,,0.006145,,,,,,,,0.012368,,,,,,,,-0.002916,,,,,,,,0.000000,,,,,,,,-0.037782,,,,,,,,0.028216,,,,
0.000000,,,,,,-0.029373,,,,,,,,-0.029312,,,,,,,,-0.027682,,,,,,,,0.002473,,,,,,,,-0.005330,,,,,,,,-0.005198,,,,,,,,0.000000,,,,,,,,-0.037762,,,,,,,,0.028589,,,
0.026316,,,,,,-0.035839,,,,,,,,-0.027577,,,,,,,,-0.019412,,,,,,,,0.017774,,,,,,,,-0.014238,,,,,,,,0.018510,,,,,,,,0.000000,,,,,,,,-0.037922,,,,,,,,0.029587,,,
0.052632,,,,,,-0.040324,,,,,,,,-0.028999,,,,,,,,-0.011830,,,,,,,,0.026518,,,,,,,,-0.006701,,,,,,,,0.027764,,,,,,,,0.000000,,,,,,,,-0.037943,,,,,,,,0.031374,,,
0.078947,,,,,,-0.045375,,,,,,,,-0.026084,,,,,,,,0.000569,,,,,,,,0.036923,,,,,,,,0.002012,,,,,,,,0.039048,,,,,,,,0.000000,,,,,,,,-0.025620,,,,,,,,0.027664,,,
0.131579,,,,,,-0.051681,,,,,,,,-0.026855,,,,,,,,0.007975,,,,,,,,0.048464,,,,,,,,0.011213,,,,,,,,0.052233,,,,,,,,0.000000,,,,,,,,-0.025639,,,,,,,,0.029667,,,
0.157895,,,,,,-0.054180,,,,,,,,-0.021717,,,,,,,,0.022588,,,,,,,,0.060793,,,,,,,,0.019240,,,,,,,,0.067573,,,,,,,,0.000000,,,,,,,,-0.013629,,,,,,,,0.020906,,,
0.184211,,,,,,-0.053764,,,,,,,,-0.017571,,,,,,,,0.037651,,,,,,,,0.065689,,,,,,,,0.011800,,,,,,,,0.060980,,,,,,,,0.000000,,,,,,,,-0.001687,,,,,,,,0.011466,,,
0.210526,,,,,,-0.046260,,,,,,,,-0.011389,,,,,,,,0.038627,,,,,,,,0.066563,,,,,,,,0.008570,,,,,,,,0.056670,,,,,,,,0.000000,,,,,,,,-0.001686,,,,,,,,0.011951,,,
0.236842,,,,,,-0.055656,,,,,,,,-0.008355,,,,,,,,0.055579,,,,,,,,0.082772,,,,,,,,0.018029,,,,,,,,0.073103,,,,,,,,0.000000,,,,,,,,0.002753,,,,,,,,0.011692,,,
0.263158,,,,,,-0.059295,,,,,,,,-0.009432,,,,,,,,0.055026,,,,,,,,0.084400,,,,,,,,0.034902,,,,,,,,0.076067,,,,,,,,0.000000,,,,,,,,-0.001813,,,,,,,,0.014016,,,
0.289474,,,,,,-0.046439,,,,,,,,0.002728,,,,,,,,0.057260,,,,,,,,0.075045,,,,,,,,0.023743,,,,,,,,0.066178,,,,,,,,0.000000,,,,,,,,0.010162,,,,,,,,0.003465,,,
0.315789,,,,,,-0.031924,,,,,,,,0.012564,,,,,,,,0.053097,,,,,,,,0.065339,,,,,,,,0.017282,,,,,,,,0.054895,,,,,,,,0.000000,,,,,,,,0.009758,,,,,,,,-0.002189,,,
0.342105,,,,,,-0.016191,,,,,,,,0.026154,,,,,,,,0.053807,,,,,,,,0.054235,,,,,,,,0.008472,,,,,,,,0.043105,,,,,,,,0.000000,,,,,,,,0.021714,,,,,,,,-0.013034,,,
0.394737,,,,,,-0.004106,,,,,,,,0.033948,,,,,,,,0.047070,,,,,,,,0.042344,,,,,,,,0.000249,,,,,,,,0.029159,,,,,,,,0.000000,,,,,,,,0.021663,,,,,,,,-0.012980,,,
0.421053,,,,,,0.005692,,,,,,,,0.043074,,,,,,,,0.038788,,,,,,,,0.037797,,,,,,,,0.007102,,,,,,,,0.037146,,,,,,,,0.000000,,,,,,,,0.021646,,,,,,,,-0.011569,,,
0.447368,,,,,,0.008728,,,,,,,,0.050038,,,,,,,,0.043878,,,,,,,,0.036923,,,,,,,,0.009157,,,,,,,,0.042597,,,,,,,,0.000000,,,,,,,,0.033572,,,,,,,,-0.020505,,,
0.473684,,,,,,0.026550,,,,,,,,0.061783,,,,,,,,0.040453,,,,,,,,0.029141,,,,,,,,-0.000729,,,,,,,,0.034737,,,,,,,,0.000000,,,,,,,,0.045633,,,,,,,,-0.030326,,,
0.500000,,,,,,0.061439,,,,,,,,0.083715,,,,,,,,0.035472,,,,,,,,-0.008314,,,,,,,,-0.017432,,,,,,,,0.010919,,,,,,,,0.000000,,,,,,,,0.069758,,,,,,,,-0.050466,,,
0.526316,,,,,,0.066813,,,,,,,,0.083620,,,,,,,,0.035752,,,,,,,,-0.031540,,,,,,,,-0.010127,,,,,,,,0.029286,,,,,,,,0.000000,,,,,,,,0.069864,,,,,,,,-0.054253,,,
0.552632,,,,,,0.063872,,,,,,,,0.077516,,,,,,,,0.038667,,,,,,,,-0.045005,,,,,,,,-0.002883,,,,,,,,0.032455,,,,,,,,0.000000,,,,,,,,0.070272,,,,,,,,-0.055796,,,
0.578947,,,,,,0.065049,,,,,,,,0.073007,,,,,,,,0.041884,,,,,,,,-0.058120,,,,,,,,0.009255,,,,,,,,0.030807,,,,,,,,0.000000,,,,,,,,0.070498,,,,,,,,-0.059399,,,
0.605263,,,,,,0.062657,,,,,,,,0.065689,,,,,,,,0.039945,,,,,,,,-0.071061,,,,,,,,0.022960,,,,,,,,0.027764,,,,,,,,0.000000,,,,,,,,0.058344,,,,,,,,-0.055087,,,
0.657895,,,,,,0.063148,,,,,,,,0.061024,,,,,,,,0.043839,,,,,,,,-0.083739,,,,,,,,0.037937,,,,,,,,0.023834,,,,,,,,0.000000,,,,,,,,0.058603,,,,,,,,-0.058769,,,
0.684211,,,,,,0.059379,,,,,,,,0.051648,,,,,,,,0.042016,,,,,,,,-0.087761,,,,,,,,0.044006,,,,,,,,0.013058,,,,,,,,0.000000,,,,,,,,0.046737,,,,,,,,-0.051682,,,
0.710526,,,,,,0.058599,,,,,,,,0.047086,,,,,,,,0.049169,,,,,,,,-0.083651,,,,,,,,0.055655,,,,,,,,0.013312,,,,,,,,0.000000,,,,,,,,0.047012,,,,,,,,-0.055738,,,
0.736842,,,,,,0.055776,,,,,,,,0.042108,,,,,,,,0.055474,,,,,,,,-0.085575,,,,,,,,0.076212,,,,,,,,0.000254,,,,,,,,0.000000,,,,,,,,0.047336,,,,,,,,-0.058225,,,
0.763158,,,,,,0.049025,,,,,,,,0.033024,,,,,,,,0.058528,,,,,,,,-0.081990,,,,,,,,0.104037,,,,,,,,-0.027305,,,,,,,,0.000000,,,,,,,,0.044820,,,,,,,,-0.057331,,,
0.789474,,,,,,0.041288,,,,,,,,0.025083,,,,,,,,0.041087,,,,,,,,-0.084176,,,,,,,,0.120849,,,,,,,,-0.046147,,,,,,,,0.000000,,,,,,,,0.023314,,,,,,,,-0.032687,,,
0.815789,,,,,,0.029803,,,,,,,,0.016199,,,,,,,,0.026756,,,,,,,,-0.071498,,,,,,,,0.108711,,,,,,,,-0.046274,,,,,,,,0.000000,,,,,,,,0.011175,,,,,,,,-0.017991,,,
0.842105,,,,,,0.021979,,,,,,,,0.010180,,,,,,,,0.017950,,,,,,,,-0.058994,,,,,,,,0.094615,,,,,,,,-0.044879,,,,,,,,0.000000,,,,,,,,0.011371,,,,,,,,-0.011072,,,
0.868421,,,,,,0.010722,,,,,,,,0.001270,,,,,,,,0.005206,,,,,,,,-0.046666,,,,,,,,0.080127,,,,,,,,-0.042597,,,,,,,,0.000000,,,,,,,,-0.000797,,,,,,,,0.002374,,,
0.921053,,,,,,0.003337,,,,,,,,-0.002952,,,,,,,,-0.002324,,,,,,,,-0.042731,,,,,,,,0.075135,,,,,,,,-0.033343,,,,,,,,0.000000,,,,,,,,-0.000875,,,,,,,,0.006780,,,
0.947368,,,,,,-0.007689,,,,,,,,-0.011439,,,,,,,,-0.016078,,,,,,,,-0.046229,,,,,,,,0.066423,,,,,,,,-0.033850,,,,,,,,0.000000,,,,,,,,-0.013102,,,,,,,,0.020827,,,
0.973684,,,,,,-0.017527,,,,,,,,-0.019277,,,,,,,,-0.029721,,,,,,,,-0.034075,,,,,,,,0.050663,,,,,,,,-0.030934,,,,,,,,0.000000,,,,,,,,-0.025370,,,,,,,,0.035118,,,
1.000000,,,,,,-0.026590,,,,,,,,-0.026789,,,,,,,,-0.042758,,,,,,,,-0.022009,,,,,,,,0.032847,,,,,,,,-0.025863,,,,,,,,0.000000,,,,,,,,-0.037670,,,,,,,,0.048011,,,
0.000000,,,,,,,-0.034364,,,,,,,,-0.035310,,,,,,,,-0.051306,,,,,,,,0.002703,,,,,,,,-0.006309,,,,,,,,-0.006196,,,,,,,,0.000000,,,,,,,,-0.037450,,,,,,,,0.045994,,
0.026316,,,,,,,-0.034522,,,,,,,,-0.034902,,,,,,,,-0.051110,,,,,,,,0.031764,,,,,,,,-0.009442,,,,,,,,0.037273,,,,,,,,0.000000,,,,,,,,-0.037527,,,,,,,,0.045457,,
0.052632,,,,,,,-0.039029,,,,,,,,-0.030611,,,,,,,,-0.044826,,,,,,,,0.050126,,,,,,,,-0.024908,,,,,,,,0.066178,,,,,,,,0.000000,,,,,,,,-0.037823,,,,,,,,0.044111,,
0.078947,,,,,,,-0.042659,,,,,,,,-0.025596,,,,,,,,-0.038431,,,,,,,,0.068662,,,,,,,,-0.040375,,,,,,,,0.095210,,,,,,,,0.000000,,,,,,,,-0.025245,,,,,,,,0.042217,,
0.105263,,,,,,,-0.045300,,,,,,,,-0.019689,,,,,,,,-0.031457,,,,,,,,0.087286,,,,,,,,-0.059659,,,,,,,,0.123862,,,,,,,,0.000000,,,,,,,,-0.012687,,,,,,,,0.039597,,
0.157895,,,,,,,-0.042770,,,,,,,,-0.009961,,,,,,,,-0.019455,,,,,,,,0.105910,,,,,,,,-0.079041,,,,,,,,0.152387,,,,,,,,0.000000,,,,,,,,-0.000863,,,,,,,,0.029086,,
0.184211,,,,,,,-0.039843,,,,,,,,-0.000040,,,,,,,,-0.006712,,,,,,,,0.124271,,,,,,,,-0.097738,,,,,,,,0.180152,,,,,,,,0.000000,,,,,,,,0.010989,,,,,,,,0.017646,,
0.210526,,,,,,,-0.041506,,,,,,,,0.006980,,,,,,,,-0.000529,,,,,,,,0.142633,,,,,,,,-0.115749,,,,,,,,0.207409,,,,,,,,0.000000,,,,,,,,0.023456,,,,,,,,0.015198,,
0.236842,,,,,,,-0.040613,,,,,,,,0.015446,,,,,,,,0.012766,,,,,,,,0.142633,,,,,,,,-0.112715,,,,,,,,0.206395,,,,,,,,0.000000,,,,,,,,0.035314,,,,,,,,0.003496,,
0.263158,,,,,,,-0.042040,,,,,,,,0.029612,,,,,,,,0.027111,,,,,,,,0.147103,,,,,,,,-0.140882,,,,,,,,0.213161,,,,,,,,0.000000,,,,,,,,0.058507,,,,,,,,-0.003988,,
0.289474,,,,,,,-0.011647,,,,,,,,0.044995,,,,,,,,0.034424,,,,,,,,0.116402,,,,,,,,-0.115847,,,,,,,,0.164304,,,,,,,,0.000000,,,,,,,,0.071900,,,,,,,,-0.019902,,
0.315789,,,,,,,0.003511,,,,,,,,0.053765,,,,,,,,0.040979,,,,,,,,0.098215,,,,,,,,-0.101458,,,,,,,,0.134131,,,,,,,,0.000000,,,,,,,,0.071191,,,,,,,,-0.029299,,
0.342105,,,,,,,0.017391,,,,,,,,0.061621,,,,,,,,0.046973,,,,,,,,0.078717,,,,,,,,-0.081292,,,,,,,,0.103324,,,,,,,,0.000000,,,,,,,,0.070528,,,,,,,,-0.038367,,
0.368421,,,,,,,0.025496,,,,,,,,0.065521,,,,,,,,0.046730,,,,,,,,0.060705,,,,,,,,-0.047423,,,,,,,,0.076447,,,,,,,,0.000000,,,,,,,,0.070596,,,,,,,,-0.038623,,
0.421053,,,,,,,0.032441,,,,,,,,0.069510,,,,,,,,0.045086,,,,,,,,0.042781,,,,,,,,-0.031075,,,,,,,,0.048683,,,,,,,,0.000000,,,,,,,,0.070615,,,,,,,,-0.036278,,
0.447368,,,,,,,0.045216,,,,,,,,0.076515,,,,,,,,0.051305,,,,,,,,0.025119,,,,,,,,-0.014238,,,,,,,,0.021045,,,,,,,,0.000000,,,,,,,,0.069960,,,,,,,,-0.045902,,
0.473684,,,,,,,0.055821,,,,,,,,0.081741,,,,,,,,0.049207,,,,,,,,0.025993,,,,,,,,-0.017566,,,,,,,,0.021172,,,,,,,,0.000000,,,,,,,,0.069969,,,,,,,,-0.045749,,
0.500000,,,,,,,0.067948,,,,,,,,0.087594,,,,,,,,0.054785,,,,,,,,0.009293,,,,,,,,-0.001610,,,,,,,,-0.005705,,,,,,,,0.000000,,,,,,,,0.069480,,,,,,,,-0.055574,,
0.526316,,,,,,,0.065681,,,,,,,,0.088220,,,,,,,,0.055069,,,,,,,,0.006637,,,,,,,,0.004043,,,,,,,,-0.011473,,,,,,,,0.000000,,,,,,,,0.069478,,,,,,,,-0.055941,,
0.552632,,,,,,,0.061618,,,,,,,,0.083342,,,,,,,,0.056051,,,,,,,,-0.016675,,,,,,,,0.051250,,,,,,,,-0.035244,,,,,,,,0.000000,,,,,,,,0.070535,,,,,,,,-0.054461,,
0.578947,,,,,,,0.049331,,,,,,,,0.072519,,,,,,,,0.053833,,,,,,,,-0.025419,,,,,,,,0.050565,,,,,,,,-0.044753,,,,,,,,0.000000,,,,,,,,0.058439,,,,,,,,-0.047243,,
0.605263,,,,,,,0.037902,,,,,,,,0.062390,,,,,,,,0.053067,,,,,,,,-0.031540,,,,,,,,0.043614,,,,,,,,-0.058191,,,,,,,,0.000000,,,,,,,,0.046216,,,,,,,,-0.041547,,
0.631579,,,,,,,0.027092,,,,,,,,0.051837,,,,,,,,0.053039,,,,,,,,-0.028742,,,,,,,,0.042733,,,,,,,,-0.061741,,,,,,,,0.000000,,,,,,,,0.034023,,,,,,,,-0.038018,,
0.684211,,,,,,,0.014773,,,,,,,,0.039182,,,,,,,,0.048183,,,,,,,,-0.040545,,,,,,,,0.061626,,,,,,,,-0.073404,,,,,,,,0.000000,,,,,,,,0.022153,,,,,,,,-0.027274,,
0.710526,,,,,,,0.002146,,,,,,,,0.028373,,,,,,,,0.046910,,,,,,,,-0.052000,,,,,,,,0.070338,,,,,,,,-0.084434,,,,,,,,0.000000,,,,,,,,0.009976,,,,,,,,-0.020455,,
0.736842,,,,,,,-0.010138,,,,,,,,0.016624,,,,,,,,0.043630,,,,,,,,-0.063279,,,,,,,,0.077680,,,,,,,,-0.095210,,,,,,,,0.000000,,,,,,,,-0.002005,,,,,,,,-0.008973,,
0.763158,,,,,,,-0.022279,,,,,,,,0.006409,,,,,,,,0.045520,,,,,,,,-0.074208,,,,,,,,0.082574,,,,,,,,-0.105733,,,,,,,,0.000000,,,,,,,,-0.001245,,,,,,,,-0.003944,,
0.789474,,,,,,,-0.042315,,,,,,,,-0.011275,,,,,,,,0.038980,,,,,,,,-0.071071,,,,,,,,0.062079,,,,,,,,-0.102754,,,,,,,,0.000000,,,,,,,,-0.024922,,,,,,,,0.009115,,
0.815789,,,,,,,-0.040529,,,,,,,,-0.016523,,,,,,,,0.018791,,,,,,,,-0.052961,,,,,,,,0.055068,,,,,,,,-0.080250,,,,,,,,0.000000,,,,,,,,-0.026153,,,,,,,,0.017475,,
0.842105,,,,,,,-0.039946,,,,,,,,-0.019694,,,,,,,,0.007172,,,,,,,,-0.047365,,,,,,,,0.047628,,,,,,,,-0.068460,,,,,,,,0.000000,,,,,,,,-0.025897,,,,,,,,0.023579,,
0.868421,,,,,,,-0.039233,,,,,,,,-0.022640,,,,,,,,-0.002831,,,,,,,,-0.050688,,,,,,,,0.050956,,,,,,,,-0.065037,,,,,,,,0.000000,,,,,,,,-0.025629,,,,,,,,0.028483,,
0.894737,,,,,,,-0.038302,,,,,,,,-0.023634,,,,,,,,-0.009510,,,,,,,,-0.039584,,,,,,,,0.033336,,,,,,,,-0.053120,,,,,,,,0.000000,,,,,,,,-0.025631,,,,,,,,0.029195,,
0.947368,,,,,,,-0.037326,,,,,,,,-0.026265,,,,,,,,-0.019234,,,,,,,,-0.029004,,,,,,,,0.025016,,,,,,,,-0.041330,,,,,,,,0.000000,,,,,,,,-0.025359,,,,,,,,0.033699,,
0.973684,,,,,,,-0.036415,,,,,,,,-0.027481,,,,,,,,-0.026876,,,,,,,,-0.018599,,,,,,,,0.018163,,,,,,,,-0.029793,,,,,,,,0.000000,,,,,,,,-0.025372,,,,,,,,0.033926,,
1.000000,,,,,,,-0.035886,,,,,,,,-0.030943,,,,,,,,-0.038940,,,,,,,,-0.008369,,,,,,,,0.013954,,,,,,,,-0.018510,,,,,,,,0.000000,,,,,,,,-0.038000,,,,,,,,0.039792,,
0.000000,,,,,,,,-0.034617,,,,,,,,-0.033050,,,,,,,,-0.047921,,,,,,,,0.002014,,,,,,,,-0.005758,,,,,,,,-0.006054,,,,,,,,0.000000,,,,,,,,-0.037790,,,,,,,,0.043666,
0.025641,,,,,,,,-0.036177,,,,,,,,-0.034109,,,,,,,,-0.039978,,,,,,,,0.002036,,,,,,,,-0.005722,,,,,,,,-0.006085,,,,,,,,0.000000,,,,,,,,-0.037817,,,,,,,,0.044460,
0.051282,,,,,,,,-0.043185,,,,,,,,-0.034911,,,,,,,,-0.031709,,,,,,,,0.013752,,,,,,,,-0.001121,,,,,,,,0.010142,,,,,,,,0.000000,,,,,,,,-0.037864,,,,,,,,0.045380,
0.076923,,,,,,,,-0.050361,,,,,,,,-0.035441,,,,,,,,-0.023172,,,,,,,,0.033862,,,,,,,,-0.023146,,,,,,,,0.038287,,,,,,,,0.000000,,,,,,,,-0.037894,,,,,,,,0.045748,
0.102564,,,,,,,,-0.047249,,,,,,,,-0.025342,,,,,,,,-0.019269,,,,,,,,0.046716,,,,,,,,-0.049380,,,,,,,,0.049951,,,,,,,,0.000000,,,,,,,,-0.025642,,,,,,,,0.041209,
0.153846,,,,,,,,-0.051299,,,,,,,,-0.019870,,,,,,,,-0.003915,,,,,,,,0.055372,,,,,,,,-0.062987,,,,,,,,0.047542,,,,,,,,0.000000,,,,,,,,-0.013637,,,,,,,,0.032764,
0.179487,,,,,,,,-0.058399,,,,,,,,-0.019290,,,,,,,,0.005502,,,,,,,,0.063241,,,,,,,,-0.074734,,,,,,,,0.042217,,,,,,,,0.000000,,,,,,,,-0.013742,,,,,,,,0.033342,
0.205128,,,,,,,,-0.059770,,,,,,,,-0.014101,,,,,,,,0.020772,,,,,,,,0.075307,,,,,,,,-0.070525,,,,,,,,0.059712,,,,,,,,0.000000,,,,,,,,-0.001911,,,,,,,,0.023617,
0.230769,,,,,,,,-0.066630,,,,,,,,-0.014496,,,,,,,,0.028888,,,,,,,,0.085275,,,,,,,,-0.065238,,,,,,,,0.073024,,,,,,,,0.000000,,,,,,,,-0.002073,,,,,,,,0.024762,
0.256410,,,,,,,,-0.071505,,,,,,,,-0.003666,,,,,,,,0.048876,,,,,,,,0.114544,,,,,,,,-0.080754,,,,,,,,0.115748,,,,,,,,0.000000,,,,,,,,0.015775,,,,,,,,0.009884,
0.282051,,,,,,,,-0.075119,,,,,,,,-0.002919,,,,,,,,0.046796,,,,,,,,0.111593,,,,,,,,-0.066707,,,,,,,,0.114354,,,,,,,,0.000000,,,,,,,,0.009459,,,,,,,,0.014706,
0.307692,,,,,,,,-0.054889,,,,,,,,0.011157,,,,,,,,0.049096,,,,,,,,0.093406,,,,,,,,-0.045171,,,,,,,,0.090646,,,,,,,,0.000000,,,,,,,,0.021399,,,,,,,,0.002556,
0.333333,,,,,,,,-0.045637,,,,,,,,0.014565,,,,,,,,0.055948,,,,,,,,0.082652,,,,,,,,-0.024419,,,,,,,,0.081645,,,,,,,,0.000000,,,,,,,,0.021065,,,,,,,,-0.003712,
0.358974,,,,,,,,-0.028434,,,,,,,,0.023001,,,,,,,,0.052490,,,,,,,,0.075220,,,,,,,,-0.013455,,,,,,,,0.085322,,,,,,,,0.000000,,,,,,,,0.020875,,,,,,,,-0.007872,
0.410256,,,,,,,,-0.009469,,,,,,,,0.036099,,,,,,,,0.053918,,,,,,,,0.067962,,,,,,,,-0.006407,,,,,,,,0.091534,,,,,,,,0.000000,,,,,,,,0.032832,,,,,,,,-0.019229,
0.435897,,,,,,,,0.003417,,,,,,,,0.044474,,,,,,,,0.049789,,,,,,,,0.056421,,,,,,,,-0.016294,,,,,,,,0.074799,,,,,,,,0.000000,,,,,,,,0.032843,,,,,,,,-0.020009,
0.461538,,,,,,,,0.020678,,,,,,,,0.056707,,,,,,,,0.046482,,,,,,,,0.044879,,,,,,,,-0.011791,,,,,,,,0.076954,,,,,,,,0.000000,,,,,,,,0.044914,,,,,,,,-0.032307,
0.487179,,,,,,,,0.034443,,,,,,,,0.063453,,,,,,,,0.040450,,,,,,,,0.017687,,,,,,,,-0.000338,,,,,,,,0.062755,,,,,,,,0.000000,,,,,,,,0.044905,,,,,,,,-0.032481,
0.512821,,,,,,,,0.074435,,,,,,,,0.086981,,,,,,,,0.044655,,,,,,,,-0.003593,,,,,,,,-0.018863,,,,,,,,0.040300,,,,,,,,0.000000,,,,,,,,0.069089,,,,,,,,-0.057048,
0.538462,,,,,,,,0.075525,,,,,,,,0.087517,,,,,,,,0.046028,,,,,,,,-0.004085,,,,,,,,-0.033131,,,,,,,,0.032836,,,,,,,,0.000000,,,,,,,,0.069080,,,,,,,,-0.056107,
0.564103,,,,,,,,0.061086,,,,,,,,0.079076,,,,,,,,0.046750,,,,,,,,-0.017550,,,,,,,,-0.012476,,,,,,,,0.005705,,,,,,,,0.000000,,,,,,,,0.069672,,,,,,,,-0.051745,
0.589744,,,,,,,,0.044402,,,,,,,,0.067885,,,,,,,,0.041673,,,,,,,,-0.029179,,,,,,,,0.019142,,,,,,,,-0.020031,,,,,,,,0.000000,,,,,,,,0.057756,,,,,,,,-0.038919,
0.615385,,,,,,,,0.029442,,,,,,,,0.059162,,,,,,,,0.040695,,,,,,,,-0.038972,,,,,,,,0.051544,,,,,,,,-0.046781,,,,,,,,0.000000,,,,,,,,0.058414,,,,,,,,-0.033266,
0.666667,,,,,,,,0.014524,,,,,,,,0.046797,,,,,,,,0.034344,,,,,,,,-0.048240,,,,,,,,0.083553,,,,,,,,-0.073912,,,,,,,,0.000000,,,,,,,,0.046653,,,,,,,,-0.023074,
0.692308,,,,,,,,0.000709,,,,,,,,0.035518,,,,,,,,0.032228,,,,,,,,-0.055322,,,,,,,,0.098237,,,,,,,,-0.116002,,,,,,,,0.000000,,,,,,,,0.034851,,,,,,,,-0.011326,
0.717949,,,,,,,,-0.014776,,,,,,,,0.026168,,,,,,,,0.026763,,,,,,,,-0.044218,,,,,,,,0.094909,,,,,,,,-0.129060,,,,,,,,0.000000,,,,,,,,0.035513,,,,,,,,-0.004898,
0.743590,,,,,,,,-0.030059,,,,,,,,0.014326,,,,,,,,0.022951,,,,,,,,-0.044830,,,,,,,,0.101369,,,,,,,,-0.129314,,,,,,,,0.000000,,,,,,,,0.023684,,,,,,,,0.006543,
0.769231,,,,,,,,-0.062377,,,,,,,,-0.005483,,,,,,,,0.017596,,,,,,,,-0.051103,,,,,,,,0.133881,,,,,,,,-0.147110,,,,,,,,0.000000,,,,,,,,0.018803,,,,,,,,0.023212,
0.794872,,,,,,,,-0.066841,,,,,,,,-0.006577,,,,,,,,0.010789,,,,,,,,-0.051300,,,,,,,,0.150020,,,,,,,,-0.159994,,,,,,,,0.000000,,,,,,,,0.025215,,,,,,,,0.026889,
0.820513,,,,,,,,-0.062968,,,,,,,,-0.009892,,,,,,,,0.003455,,,,,,,,-0.040983,,,,,,,,0.121241,,,,,,,,-0.135526,,,,,,,,0.000000,,,,,,,,0.025391,,,,,,,,0.026841,
0.846154,,,,,,,,-0.059575,,,,,,,,-0.015441,,,,,,,,-0.007414,,,,,,,,-0.031977,,,,,,,,0.093342,,,,,,,,-0.109663,,,,,,,,0.000000,,,,,,,,0.012919,,,,,,,,0.032553,
0.871795,,,,,,,,-0.055930,,,,,,,,-0.017212,,,,,,,,-0.013102,,,,,,,,-0.023408,,,,,,,,0.067010,,,,,,,,-0.083293,,,,,,,,0.000000,,,,,,,,0.012888,,,,,,,,0.033739,
0.923077,,,,,,,,-0.052130,,,,,,,,-0.018651,,,,,,,,-0.016703,,,,,,,,-0.014927,,,,,,,,0.042538,,,,,,,,-0.056543,,,,,,,,0.000000,,,,,,,,0.012867,,,,,,,,0.033797,
0.948718,,,,,,,,-0.047815,,,,,,,,-0.023275,,,,,,,,-0.023512,,,,,,,,-0.015801,,,,,,,,0.041559,,,,,,,,-0.058318,,,,,,,,0.000000,,,,,,,,0.000403,,,,,,,,0.038608,
0.974359,,,,,,,,-0.045398,,,,,,,,-0.025714,,,,,,,,-0.032238,,,,,,,,-0.015714,,,,,,,,0.041559,,,,,,,,-0.058698,,,,,,,,0.000000,,,,,,,,0.000388,,,,,,,,0.039754,
1.000000,,,,,,,,-0.042061,,,,,,,,-0.030925,,,,,,,,-0.043143,,,,,,,,-0.015976,,,,,,,,0.040874,,,,,,,,-0.058698,,,,,,,,0.000000,,,,,,,,-0.012140,,,,,,,,0.043248,
