Relative Time (to start of segment),aclx 1,aclx 2,aclx 3,aclx 4,aclx 5,aclx 6,aclx 7,aclx 8,aclx 9,acly 1,acly 2,acly 3,acly 4,acly 5,acly 6,acly 7,acly 8,acly 9,aclz 1,aclz 2,aclz 3,aclz 4,aclz 5,aclz 6,aclz 7,aclz 8,aclz 9,gyrx 1,gyrx 2,gyrx 3,gyrx 4,gyrx 5,gyrx 6,gyrx 7,gyrx 8,gyrx 9,gyry 1,gyry 2,gyry 3,gyry 4,gyry 5,gyry 6,gyry 7,gyry 8,gyry 9,gyrz 1,gyrz 2,gyrz 3,gyrz 4,gyrz 5,gyrz 6,gyrz 7,gyrz 8,gyrz 9,magr 1,magr 2,magr 3,magr 4,magr 5,magr 6,magr 7,magr 8,magr 9,magphi 1,magphi 2,magphi 3,magphi 4,magphi 5,magphi 6,magphi 7,magphi 8,magphi 9,magtheta 1,magtheta 2,magtheta 3,magtheta 4,magtheta 5,magtheta 6,magtheta 7,magtheta 8,magtheta 9,
0.000000,0.734230,,,,,,,,,-1.680944,,,,,,,,,1.292577,,,,,,,,,0.049703,,,,,,,,,-0.162748,,,,,,,,,-0.134914,,,,,,,,,0.000000,,,,,,,,,1.130451,,,,,,,,,-1.877369,,,,,,,,,
0.025000,0.788471,,,,,,,,,-1.671660,,,,,,,,,1.317803,,,,,,,,,0.108589,,,,,,,,,0.059424,,,,,,,,,-0.240797,,,,,,,,,0.000000,,,,,,,,,1.121969,,,,,,,,,-1.873093,,,,,,,,,
0.050000,0.793421,,,,,,,,,-1.638692,,,,,,,,,1.350156,,,,,,,,,0.341033,,,,,,,,,0.054843,,,,,,,,,-0.517356,,,,,,,,,0.000000,,,,,,,,,1.081800,,,,,,,,,-1.817859,,,,,,,,,
0.075000,0.721980,,,,,,,,,-1.535905,,,,,,,,,1.354141,,,,,,,,,0.669553,,,,,,,,,0.018196,,,,,,,,,-0.855549,,,,,,,,,0.000000,,,,,,,,,1.018661,,,,,,,,,-1.668689,,,,,,,,,
0.100000,0.576459,,,,,,,,,-1.350323,,,,,,,,,1.296132,,,,,,,,,1.032166,,,,,,,,,-0.013870,,,,,,,,,-1.138429,,,,,,,,,0.000000,,,,,,,,,0.945715,,,,,,,,,-1.438880,,,,,,,,,
0.125000,0.401069,,,,,,,,,-1.114208,,,,,,,,,1.132038,,,,,,,,,1.351389,,,,,,,,,0.031939,,,,,,,,,-1.305945,,,,,,,,,0.000000,,,,,,,,,0.875455,,,,,,,,,-1.143230,,,,,,,,,
0.150000,0.282380,,,,,,,,,-0.796901,,,,,,,,,0.944271,,,,,,,,,1.521848,,,,,,,,,-0.059679,,,,,,,,,-1.441855,,,,,,,,,0.000000,,,,,,,,,0.822547,,,,,,,,,-0.809048,,,,,,,,,
0.175000,0.073575,,,,,,,,,-0.497428,,,,,,,,,0.745235,,,,,,,,,1.534245,,,,,,,,,0.089200,,,,,,,,,-1.514550,,,,,,,,,0.000000,,,,,,,,,0.764584,,,,,,,,,-0.422883,,,,,,,,,
0.200000,-0.103766,,,,,,,,,-0.220041,,,,,,,,,0.524438,,,,,,,,,1.500153,,,,,,,,,0.277015,,,,,,,,,-1.550898,,,,,,,,,0.000000,,,,,,,,,0.708543,,,,,,,,,-0.045815,,,,,,,,,
0.218182,-0.342558,,,,,,,,,0.011406,,,,,,,,,0.329636,,,,,,,,,1.428870,,,,,,,,,0.313662,,,,,,,,,-1.508229,,,,,,,,,0.000000,,,,,,,,,0.656180,,,,,,,,,0.296689,,,,,,,,,
0.236364,-0.586591,,,,,,,,,0.201499,,,,,,,,,0.204270,,,,,,,,,1.202625,,,,,,,,,0.563320,,,,,,,,,-1.260116,,,,,,,,,0.000000,,,,,,,,,0.629162,,,,,,,,,0.572363,,,,,,,,,
0.254545,-0.823497,,,,,,,,,0.354875,,,,,,,,,0.096234,,,,,,,,,0.920593,,,,,,,,,0.957275,,,,,,,,,-0.887156,,,,,,,,,0.000000,,,,,,,,,0.621481,,,,,,,,,0.726453,,,,,,,,,
0.272727,-1.038851,,,,,,,,,0.434277,,,,,,,,,0.031475,,,,,,,,,0.499094,,,,,,,,,1.167995,,,,,,,,,-0.488910,,,,,,,,,0.000000,,,,,,,,,0.623694,,,,,,,,,0.789948,,,,,,,,,
0.290909,-1.181064,,,,,,,,,0.479824,,,,,,,,,0.065495,,,,,,,,,0.213963,,,,,,,,,1.076377,,,,,,,,,-0.104888,,,,,,,,,0.000000,,,,,,,,,0.626495,,,,,,,,,0.771540,,,,,,,,,
0.309091,-1.283506,,,,,,,,,0.453398,,,,,,,,,0.087253,,,,,,,,,0.229459,,,,,,,,,1.126767,,,,,,,,,0.293358,,,,,,,,,0.000000,,,,,,,,,0.624125,,,,,,,,,0.745928,,,,,,,,,
0.327273,-1.272752,,,,,,,,,0.492198,,,,,,,,,0.089259,,,,,,,,,0.424712,,,,,,,,,0.641195,,,,,,,,,0.652095,,,,,,,,,0.000000,,,,,,,,,0.620420,,,,,,,,,0.703373,,,,,,,,,
0.345455,-1.183785,,,,,,,,,0.553204,,,,,,,,,0.043778,,,,,,,,,0.747035,,,,,,,,,0.153332,,,,,,,,,0.988707,,,,,,,,,0.000000,,,,,,,,,0.612109,,,,,,,,,0.720955,,,,,,,,,
0.363636,-0.945324,,,,,,,,,0.679078,,,,,,,,,-0.072092,,,,,,,,,1.044563,,,,,,,,,-0.231461,,,,,,,,,1.233660,,,,,,,,,0.000000,,,,,,,,,0.581653,,,,,,,,,0.816144,,,,,,,,,
0.381818,-0.606170,,,,,,,,,0.808055,,,,,,,,,-0.331136,,,,,,,,,1.283205,,,,,,,,,-0.705581,,,,,,,,,1.383792,,,,,,,,,0.000000,,,,,,,,,0.295182,,,,,,,,,0.896937,,,,,,,,,
0.400000,-0.174531,,,,,,,,,0.899999,,,,,,,,,-0.637774,,,,,,,,,1.363786,,,,,,,,,-1.165959,,,,,,,,,1.413818,,,,,,,,,0.000000,,,,,,,,,0.004431,,,,,,,,,0.945475,,,,,,,,,
0.416667,0.298161,,,,,,,,,0.977985,,,,,,,,,-0.897324,,,,,,,,,1.431970,,,,,,,,,-1.440811,,,,,,,,,1.330060,,,,,,,,,0.000000,,,,,,,,,-0.286927,,,,,,,,,0.986266,,,,,,,,,
0.433333,0.750596,,,,,,,,,1.039955,,,,,,,,,-1.182041,,,,,,,,,1.400977,,,,,,,,,-1.509524,,,,,,,,,1.127777,,,,,,,,,0.000000,,,,,,,,,-0.574376,,,,,,,,,1.001443,,,,,,,,,
0.450000,1.104097,,,,,,,,,1.080228,,,,,,,,,-1.451090,,,,,,,,,1.239816,,,,,,,,,-1.491200,,,,,,,,,0.879664,,,,,,,,,0.000000,,,,,,,,,-0.857599,,,,,,,,,0.965869,,,,,,,,,
0.466667,1.417552,,,,,,,,,1.083833,,,,,,,,,-1.693702,,,,,,,,,0.998074,,,,,,,,,-1.090374,,,,,,,,,0.590462,,,,,,,,,0.000000,,,,,,,,,-1.136142,,,,,,,,,0.888503,,,,,,,,,
0.483333,1.595995,,,,,,,,,1.081950,,,,,,,,,-1.886917,,,,,,,,,0.545583,,,,,,,,,-0.664353,,,,,,,,,0.257010,,,,,,,,,0.000000,,,,,,,,,-1.410980,,,,,,,,,0.781238,,,,,,,,,
0.500000,1.639117,,,,,,,,,1.068657,,,,,,,,,-1.999500,,,,,,,,,-0.046374,,,,,,,,,-0.291013,,,,,,,,,-0.089084,,,,,,,,,0.000000,,,,,,,,,-1.664152,,,,,,,,,0.680787,,,,,,,,,
0.516667,1.564880,,,,,,,,,1.069431,,,,,,,,,-1.980369,,,,,,,,,-0.573247,,,,,,,,,0.547287,,,,,,,,,-0.446241,,,,,,,,,0.000000,,,,,,,,,-1.657629,,,,,,,,,0.680971,,,,,,,,,
0.533333,1.278920,,,,,,,,,1.069305,,,,,,,,,-1.831578,,,,,,,,,-0.870775,,,,,,,,,1.170285,,,,,,,,,-0.786014,,,,,,,,,0.000000,,,,,,,,,-1.375756,,,,,,,,,0.731202,,,,,,,,,
0.550000,0.957795,,,,,,,,,1.033054,,,,,,,,,-1.693557,,,,,,,,,-1.174502,,,,,,,,,1.186318,,,,,,,,,-1.068895,,,,,,,,,0.000000,,,,,,,,,-1.090899,,,,,,,,,0.763700,,,,,,,,,
0.566667,0.521263,,,,,,,,,0.987320,,,,,,,,,-1.504937,,,,,,,,,-1.317068,,,,,,,,,1.763508,,,,,,,,,-1.239571,,,,,,,,,0.000000,,,,,,,,,-0.807591,,,,,,,,,0.800689,,,,,,,,,
0.583333,0.055865,,,,,,,,,0.951987,,,,,,,,,-1.271510,,,,,,,,,-1.450336,,,,,,,,,1.861996,,,,,,,,,-1.317008,,,,,,,,,0.000000,,,,,,,,,-0.521858,,,,,,,,,0.812568,,,,,,,,,
0.600000,-0.337977,,,,,,,,,0.881885,,,,,,,,,-0.969237,,,,,,,,,-1.496824,,,,,,,,,1.820769,,,,,,,,,-1.356516,,,,,,,,,0.000000,,,,,,,,,-0.234587,,,,,,,,,0.810290,,,,,,,,,
0.615385,-0.778621,,,,,,,,,0.780173,,,,,,,,,-0.668169,,,,,,,,,-1.351159,,,,,,,,,1.754346,,,,,,,,,-1.334392,,,,,,,,,0.000000,,,,,,,,,0.057504,,,,,,,,,0.766063,,,,,,,,,
0.630769,-1.270353,,,,,,,,,0.658288,,,,,,,,,-0.397086,,,,,,,,,-0.991646,,,,,,,,,1.591725,,,,,,,,,-1.170036,,,,,,,,,0.000000,,,,,,,,,0.350466,,,,,,,,,0.652522,,,,,,,,,
0.646154,-1.608325,,,,,,,,,0.531294,,,,,,,,,-0.202400,,,,,,,,,-0.709614,,,,,,,,,0.984760,,,,,,,,,-0.925084,,,,,,,,,0.000000,,,,,,,,,0.640090,,,,,,,,,0.471674,,,,,,,,,
0.661538,-1.772502,,,,,,,,,0.434081,,,,,,,,,-0.104703,,,,,,,,,-0.579445,,,,,,,,,0.267854,,,,,,,,,-0.604275,,,,,,,,,0.000000,,,,,,,,,0.652486,,,,,,,,,0.327655,,,,,,,,,
0.676923,-1.836222,,,,,,,,,0.380894,,,,,,,,,0.015617,,,,,,,,,-0.309810,,,,,,,,,-0.039065,,,,,,,,,-0.237636,,,,,,,,,0.000000,,,,,,,,,0.657641,,,,,,,,,0.220282,,,,,,,,,
0.692308,-1.712244,,,,,,,,,0.347257,,,,,,,,,0.076542,,,,,,,,,-0.223031,,,,,,,,,-0.982724,,,,,,,,,0.084753,,,,,,,,,0.000000,,,,,,,,,0.659829,,,,,,,,,0.169835,,,,,,,,,
0.707692,-1.468022,,,,,,,,,0.362213,,,,,,,,,0.119126,,,,,,,,,-0.040175,,,,,,,,,-1.461425,,,,,,,,,0.260171,,,,,,,,,0.000000,,,,,,,,,0.652872,,,,,,,,,0.218556,,,,,,,,,
0.723077,-1.281502,,,,,,,,,0.381874,,,,,,,,,0.061820,,,,,,,,,0.006313,,,,,,,,,-1.589689,,,,,,,,,0.481418,,,,,,,,,0.000000,,,,,,,,,0.640896,,,,,,,,,0.321087,,,,,,,,,
0.738462,-1.027845,,,,,,,,,0.414699,,,,,,,,,0.013248,,,,,,,,,-0.204436,,,,,,,,,-1.676726,,,,,,,,,0.754817,,,,,,,,,0.000000,,,,,,,,,0.625835,,,,,,,,,0.418278,,,,,,,,,
0.753846,-0.641794,,,,,,,,,0.388137,,,,,,,,,-0.012353,,,,,,,,,-0.570148,,,,,,,,,-1.752310,,,,,,,,,1.006091,,,,,,,,,0.000000,,,,,,,,,0.604484,,,,,,,,,0.476401,,,,,,,,,
0.769231,-0.267328,,,,,,,,,0.329549,,,,,,,,,0.039825,,,,,,,,,-0.839783,,,,,,,,,-1.720244,,,,,,,,,1.209954,,,,,,,,,0.000000,,,,,,,,,0.584027,,,,,,,,,0.467698,,,,,,,,,
0.784615,0.113782,,,,,,,,,0.171542,,,,,,,,,0.155073,,,,,,,,,-1.090822,,,,,,,,,-1.362936,,,,,,,,,1.382211,,,,,,,,,0.000000,,,,,,,,,0.571757,,,,,,,,,0.348632,,,,,,,,,
0.800000,0.424997,,,,,,,,,-0.044191,,,,,,,,,0.289055,,,,,,,,,-1.279877,,,,,,,,,-0.836136,,,,,,,,,1.439104,,,,,,,,,0.000000,,,,,,,,,0.589327,,,,,,,,,0.133548,,,,,,,,,
0.822222,0.664983,,,,,,,,,-0.304668,,,,,,,,,0.436032,,,,,,,,,-1.357358,,,,,,,,,-0.364306,,,,,,,,,1.391693,,,,,,,,,0.000000,,,,,,,,,0.642856,,,,,,,,,-0.156859,,,,,,,,,
0.844444,0.802509,,,,,,,,,-0.645328,,,,,,,,,0.605729,,,,,,,,,-1.503023,,,,,,,,,0.098361,,,,,,,,,1.361667,,,,,,,,,0.000000,,,,,,,,,0.198239,,,,,,,,,-0.508167,,,,,,,,,
0.866667,0.883367,,,,,,,,,-0.974374,,,,,,,,,0.818441,,,,,,,,,-1.493725,,,,,,,,,0.249530,,,,,,,,,1.216276,,,,,,,,,0.000000,,,,,,,,,-0.248198,,,,,,,,,-0.879719,,,,,,,,,
0.888889,0.927870,,,,,,,,,-1.289833,,,,,,,,,1.004695,,,,,,,,,-1.261281,,,,,,,,,0.315953,,,,,,,,,1.002930,,,,,,,,,0.000000,,,,,,,,,-0.679977,,,,,,,,,-1.230319,,,,,,,,,
0.911111,0.948400,,,,,,,,,-1.541532,,,,,,,,,1.149881,,,,,,,,,-0.948257,,,,,,,,,0.286177,,,,,,,,,0.756397,,,,,,,,,0.000000,,,,,,,,,-1.099228,,,,,,,,,-1.522282,,,,,,,,,
0.933333,0.887499,,,,,,,,,-1.742682,,,,,,,,,1.241346,,,,,,,,,-0.681721,,,,,,,,,0.247240,,,,,,,,,0.531989,,,,,,,,,0.000000,,,,,,,,,-1.535662,,,,,,,,,-1.747383,,,,,,,,,
0.955556,0.820340,,,,,,,,,-1.871705,,,,,,,,,1.288841,,,,,,,,,-0.396590,,,,,,,,,0.080038,,,,,,,,,0.312322,,,,,,,,,0.000000,,,,,,,,,-1.967843,,,,,,,,,-1.882959,,,,,,,,,
0.977778,0.781284,,,,,,,,,-1.951868,,,,,,,,,1.279134,,,,,,,,,-0.210634,,,,,,,,,-0.073421,,,,,,,,,0.144806,,,,,,,,,0.000000,,,,,,,,,-2.424262,,,,,,,,,-1.928618,,,,,,,,,
1.000000,0.734276,,,,,,,,,-2.001123,,,,,,,,,1.288877,,,,,,,,,-0.117657,,,,,,,,,-0.071131,,,,,,,,,0.037343,,,,,,,,,0.000000,,,,,,,,,-2.919302,,,,,,,,,-1.928390,,,,,,,,,
0.000000,,0.426546,,,,,,,,,-1.362014,,,,,,,,,0.828847,,,,,,,,,0.088482,,,,,,,,,-0.173467,,,,,,,,,-0.108576,,,,,,,,,0.000000,,,,,,,,,-2.304347,,,,,,,,,-1.442793,,,,,,,,
0.009524,,0.523995,,,,,,,,,-1.355461,,,,,,,,,0.844044,,,,,,,,,0.120783,,,,,,,,,-0.343423,,,,,,,,,-0.292546,,,,,,,,,0.000000,,,,,,,,,-1.807270,,,,,,,,,-1.441425,,,,,,,,
0.019048,,0.632708,,,,,,,,,-1.322345,,,,,,,,,0.842674,,,,,,,,,0.108359,,,,,,,,,-0.611429,,,,,,,,,-0.572415,,,,,,,,,0.000000,,,,,,,,,-1.346045,,,,,,,,,-1.422728,,,,,,,,
0.028571,,0.766130,,,,,,,,,-1.278373,,,,,,,,,0.821213,,,,,,,,,0.118298,,,,,,,,,-0.738895,,,,,,,,,-0.903168,,,,,,,,,0.000000,,,,,,,,,-0.914041,,,,,,,,,-1.353326,,,,,,,,
0.038095,,0.818701,,,,,,,,,-1.187929,,,,,,,,,0.784072,,,,,,,,,0.227622,,,,,,,,,-0.719285,,,,,,,,,-1.257408,,,,,,,,,0.000000,,,,,,,,,-0.499423,,,,,,,,,-1.179762,,,,,,,,
0.047619,,0.836549,,,,,,,,,-1.049309,,,,,,,,,0.716892,,,,,,,,,0.384153,,,,,,,,,-0.604892,,,,,,,,,-1.564676,,,,,,,,,0.000000,,,,,,,,,-0.088370,,,,,,,,,-0.966184,,,,,,,,
0.057143,,0.806730,,,,,,,,,-0.842640,,,,,,,,,0.631473,,,,,,,,,0.590377,,,,,,,,,-0.369570,,,,,,,,,-1.793659,,,,,,,,,0.000000,,,,,,,,,0.330086,,,,,,,,,-0.699031,,,,,,,,
0.066667,,0.680182,,,,,,,,,-0.597831,,,,,,,,,0.509489,,,,,,,,,0.771755,,,,,,,,,-0.163662,,,,,,,,,-1.985457,,,,,,,,,0.000000,,,,,,,,,0.752877,,,,,,,,,-0.410623,,,,,,,,
0.076190,,0.429252,,,,,,,,,-0.305440,,,,,,,,,0.373114,,,,,,,,,0.851263,,,,,,,,,0.029171,,,,,,,,,-2.048085,,,,,,,,,0.000000,,,,,,,,,1.171889,,,,,,,,,-0.078437,,,,,,,,
0.085714,,0.206373,,,,,,,,,0.008137,,,,,,,,,0.218587,,,,,,,,,0.813994,,,,,,,,,0.336398,,,,,,,,,-1.828887,,,,,,,,,0.000000,,,,,,,,,1.091931,,,,,,,,,0.281642,,,,,,,,
0.095238,,-0.002763,,,,,,,,,0.268874,,,,,,,,,0.091703,,,,,,,,,0.809024,,,,,,,,,0.856069,,,,,,,,,-1.576419,,,,,,,,,0.000000,,,,,,,,,1.055618,,,,,,,,,0.604310,,,,,,,,
0.104762,,-0.340409,,,,,,,,,0.444608,,,,,,,,,0.010902,,,,,,,,,0.694732,,,,,,,,,1.156759,,,,,,,,,-1.337650,,,,,,,,,0.000000,,,,,,,,,1.048888,,,,,,,,,0.850237,,,,,,,,
0.114286,,-0.576973,,,,,,,,,0.584476,,,,,,,,,-0.016524,,,,,,,,,0.595346,,,,,,,,,0.957388,,,,,,,,,-1.012767,,,,,,,,,0.000000,,,,,,,,,1.055466,,,,,,,,,0.971392,,,,,,,,
0.123810,,-0.773940,,,,,,,,,0.692634,,,,,,,,,-0.010987,,,,,,,,,0.488507,,,,,,,,,0.986804,,,,,,,,,-0.687885,,,,,,,,,0.000000,,,,,,,,,1.061561,,,,,,,,,1.037524,,,,,,,,
0.133333,,-0.984932,,,,,,,,,0.747089,,,,,,,,,0.003155,,,,,,,,,0.339430,,,,,,,,,0.872411,,,,,,,,,-0.390402,,,,,,,,,0.000000,,,,,,,,,1.066830,,,,,,,,,1.052855,,,,,,,,
0.142857,,-1.124929,,,,,,,,,0.776624,,,,,,,,,0.053801,,,,,,,,,0.361791,,,,,,,,,0.532500,,,,,,,,,-0.073348,,,,,,,,,0.000000,,,,,,,,,1.068627,,,,,,,,,1.063311,,,,,,,,
0.152381,,-1.139976,,,,,,,,,0.772634,,,,,,,,,0.065705,,,,,,,,,0.555592,,,,,,,,,-0.046001,,,,,,,,,0.288719,,,,,,,,,0.000000,,,,,,,,,1.065104,,,,,,,,,1.086137,,,,,,,,
0.161905,,-1.125565,,,,,,,,,0.782445,,,,,,,,,0.030327,,,,,,,,,0.938225,,,,,,,,,-0.660455,,,,,,,,,0.511831,,,,,,,,,0.000000,,,,,,,,,0.826138,,,,,,,,,1.148837,,,,,,,,
0.171429,,-0.974440,,,,,,,,,0.824891,,,,,,,,,-0.094234,,,,,,,,,1.318373,,,,,,,,,-1.278176,,,,,,,,,0.815185,,,,,,,,,0.000000,,,,,,,,,0.562233,,,,,,,,,1.169773,,,,,,,,
0.180952,,-0.620602,,,,,,,,,0.914809,,,,,,,,,-0.296906,,,,,,,,,1.743245,,,,,,,,,-1.676917,,,,,,,,,1.126368,,,,,,,,,0.000000,,,,,,,,,0.294584,,,,,,,,,1.181547,,,,,,,,
0.190476,,-0.244006,,,,,,,,,1.005359,,,,,,,,,-0.572143,,,,,,,,,1.961892,,,,,,,,,-1.699796,,,,,,,,,1.290766,,,,,,,,,0.000000,,,,,,,,,0.027125,,,,,,,,,1.170537,,,,,,,,
0.200000,,0.190705,,,,,,,,,1.083012,,,,,,,,,-0.895763,,,,,,,,,2.073700,,,,,,,,,-2.000486,,,,,,,,,1.371008,,,,,,,,,0.000000,,,,,,,,,-0.236837,,,,,,,,,1.105921,,,,,,,,
0.216667,,0.739686,,,,,,,,,1.151961,,,,,,,,,-1.219247,,,,,,,,,2.081154,,,,,,,,,-2.281566,,,,,,,,,1.339694,,,,,,,,,0.000000,,,,,,,,,-0.496441,,,,,,,,,1.005520,,,,,,,,
0.233333,,1.277526,,,,,,,,,1.181831,,,,,,,,,-1.556709,,,,,,,,,1.892322,,,,,,,,,-2.209662,,,,,,,,,1.230095,,,,,,,,,0.000000,,,,,,,,,-0.754192,,,,,,,,,0.869995,,,,,,,,
0.250000,,1.716845,,,,,,,,,1.197385,,,,,,,,,-1.841888,,,,,,,,,1.584228,,,,,,,,,-1.827262,,,,,,,,,1.010898,,,,,,,,,0.000000,,,,,,,,,-1.006670,,,,,,,,,0.673251,,,,,,,,
0.266667,,2.099946,,,,,,,,,1.180036,,,,,,,,,-2.072632,,,,,,,,,1.174265,,,,,,,,,-1.261834,,,,,,,,,0.713415,,,,,,,,,0.000000,,,,,,,,,-1.024162,,,,,,,,,0.415761,,,,,,,,
0.283333,,2.315295,,,,,,,,,1.167446,,,,,,,,,-2.229913,,,,,,,,,0.679824,,,,,,,,,-0.706212,,,,,,,,,0.361133,,,,,,,,,0.000000,,,,,,,,,-1.020078,,,,,,,,,0.249157,,,,,,,,
0.300000,,2.402865,,,,,,,,,1.174911,,,,,,,,,-2.309871,,,,,,,,,0.083513,,,,,,,,,-0.294397,,,,,,,,,0.020594,,,,,,,,,0.000000,,,,,,,,,-1.013529,,,,,,,,,0.139378,,,,,,,,
0.316667,,2.377111,,,,,,,,,1.183839,,,,,,,,,-2.278449,,,,,,,,,-0.510313,,,,,,,,,-0.095027,,,,,,,,,-0.276889,,,,,,,,,0.000000,,,,,,,,,-1.011801,,,,,,,,,0.130109,,,,,,,,
0.333333,,2.211526,,,,,,,,,1.196496,,,,,,,,,-2.166771,,,,,,,,,-1.056931,,,,,,,,,0.290641,,,,,,,,,-0.523487,,,,,,,,,0.000000,,,,,,,,,-1.010105,,,,,,,,,0.222935,,,,,,,,
0.350000,,1.933783,,,,,,,,,1.193890,,,,,,,,,-2.020604,,,,,,,,,-1.541433,,,,,,,,,0.836459,,,,,,,,,-0.717242,,,,,,,,,0.000000,,,,,,,,,-1.014398,,,,,,,,,0.406900,,,,,,,,
0.366667,,1.546309,,,,,,,,,1.155395,,,,,,,,,-1.787649,,,,,,,,,-1.891766,,,,,,,,,1.526085,,,,,,,,,-0.883597,,,,,,,,,0.000000,,,,,,,,,-1.018955,,,,,,,,,0.634887,,,,,,,,
0.383333,,1.130078,,,,,,,,,1.118809,,,,,,,,,-1.510532,,,,,,,,,-2.100475,,,,,,,,,1.980388,,,,,,,,,-0.985367,,,,,,,,,0.000000,,,,,,,,,-0.767634,,,,,,,,,0.861757,,,,,,,,
0.400000,,0.685407,,,,,,,,,1.057051,,,,,,,,,-1.185524,,,,,,,,,-2.160106,,,,,,,,,2.225516,,,,,,,,,-1.026467,,,,,,,,,0.000000,,,,,,,,,-0.516140,,,,,,,,,1.030227,,,,,,,,
0.414286,,0.207433,,,,,,,,,0.968706,,,,,,,,,-0.854370,,,,,,,,,-2.065690,,,,,,,,,2.143806,,,,,,,,,-0.995153,,,,,,,,,0.000000,,,,,,,,,-0.257759,,,,,,,,,1.110362,,,,,,,,
0.428571,,-0.184759,,,,,,,,,0.860913,,,,,,,,,-0.495838,,,,,,,,,-1.720327,,,,,,,,,2.166685,,,,,,,,,-0.918825,,,,,,,,,0.000000,,,,,,,,,0.003994,,,,,,,,,1.149104,,,,,,,,
0.442857,,-0.574257,,,,,,,,,0.767325,,,,,,,,,-0.258804,,,,,,,,,-1.347632,,,,,,,,,2.062097,,,,,,,,,-0.746598,,,,,,,,,0.000000,,,,,,,,,0.269760,,,,,,,,,1.128248,,,,,,,,
0.457143,,-0.844475,,,,,,,,,0.655781,,,,,,,,,-0.074176,,,,,,,,,-0.960031,,,,,,,,,1.787554,,,,,,,,,-0.582200,,,,,,,,,0.000000,,,,,,,,,0.531964,,,,,,,,,1.079080,,,,,,,,
0.471429,,-1.070393,,,,,,,,,0.566086,,,,,,,,,0.079013,,,,,,,,,-0.517767,,,,,,,,,1.307104,,,,,,,,,-0.404102,,,,,,,,,0.000000,,,,,,,,,0.794070,,,,,,,,,0.994468,,,,,,,,
0.485714,,-1.213083,,,,,,,,,0.508395,,,,,,,,,0.149840,,,,,,,,,-0.115257,,,,,,,,,0.555379,,,,,,,,,-0.177076,,,,,,,,,0.000000,,,,,,,,,1.056752,,,,,,,,,0.884425,,,,,,,,
0.500000,,-1.236041,,,,,,,,,0.504189,,,,,,,,,0.142726,,,,,,,,,0.172960,,,,,,,,,0.225274,,,,,,,,,0.046036,,,,,,,,,0.000000,,,,,,,,,1.060167,,,,,,,,,0.806061,,,,,,,,
0.514286,,-1.225547,,,,,,,,,0.546519,,,,,,,,,0.096928,,,,,,,,,0.197806,,,,,,,,,-0.163662,,,,,,,,,0.271105,,,,,,,,,0.000000,,,,,,,,,1.064914,,,,,,,,,0.790007,,,,,,,,
0.528571,,-1.174667,,,,,,,,,0.575569,,,,,,,,,0.093041,,,,,,,,,0.066121,,,,,,,,,-0.199614,,,,,,,,,0.515746,,,,,,,,,0.000000,,,,,,,,,1.069120,,,,,,,,,0.795710,,,,,,,,
0.542857,,-1.158849,,,,,,,,,0.608720,,,,,,,,,0.074565,,,,,,,,,-0.219611,,,,,,,,,-0.330349,,,,,,,,,0.840628,,,,,,,,,0.000000,,,,,,,,,1.073952,,,,,,,,,0.798847,,,,,,,,
0.557143,,-1.132188,,,,,,,,,0.555001,,,,,,,,,0.114933,,,,,,,,,-0.470559,,,,,,,,,-0.068880,,,,,,,,,1.198781,,,,,,,,,0.000000,,,,,,,,,1.085315,,,,,,,,,0.731459,,,,,,,,
0.571429,,-1.037809,,,,,,,,,0.464849,,,,,,,,,0.210755,,,,,,,,,-0.686721,,,,,,,,,-0.042733,,,,,,,,,1.533449,,,,,,,,,0.000000,,,,,,,,,1.107065,,,,,,,,,0.585507,,,,,,,,
0.585714,,-0.846164,,,,,,,,,0.298810,,,,,,,,,0.319268,,,,,,,,,-0.907853,,,,,,,,,-0.183273,,,,,,,,,1.817232,,,,,,,,,0.000000,,,,,,,,,1.151370,,,,,,,,,0.350747,,,,,,,,
0.600000,,-0.582317,,,,,,,,,0.131320,,,,,,,,,0.415920,,,,,,,,,-1.079293,,,,,,,,,-0.003512,,,,,,,,,1.919003,,,,,,,,,0.000000,,,,,,,,,1.211692,,,,,,,,,0.090945,,,,,,,,
0.622222,,-0.422279,,,,,,,,,-0.135342,,,,,,,,,0.569768,,,,,,,,,-1.268124,,,,,,,,,0.081465,,,,,,,,,1.858332,,,,,,,,,0.000000,,,,,,,,,1.301144,,,,,,,,,-0.204080,,,,,,,,
0.644444,,-0.347700,,,,,,,,,-0.425179,,,,,,,,,0.745111,,,,,,,,,-1.250732,,,,,,,,,0.048782,,,,,,,,,1.697848,,,,,,,,,0.000000,,,,,,,,,0.877007,,,,,,,,,-0.494915,,,,,,,,
0.666667,,-0.290920,,,,,,,,,-0.684709,,,,,,,,,0.849941,,,,,,,,,-1.056931,,,,,,,,,-0.055806,,,,,,,,,1.480607,,,,,,,,,0.000000,,,,,,,,,0.441072,,,,,,,,,-0.756571,,,,,,,,
0.688889,,-0.252290,,,,,,,,,-0.929048,,,,,,,,,0.912800,,,,,,,,,-0.833315,,,,,,,,,-0.117905,,,,,,,,,1.188996,,,,,,,,,0.000000,,,,,,,,,0.003794,,,,,,,,,-0.992681,,,,,,,,
0.711111,,-0.158081,,,,,,,,,-1.110102,,,,,,,,,0.967650,,,,,,,,,-0.592306,,,,,,,,,-0.284592,,,,,,,,,0.826928,,,,,,,,,0.000000,,,,,,,,,-0.441151,,,,,,,,,-1.152960,,,,,,,,
0.733333,,-0.146120,,,,,,,,,-1.230528,,,,,,,,,0.974842,,,,,,,,,-0.366204,,,,,,,,,-0.245372,,,,,,,,,0.472689,,,,,,,,,0.000000,,,,,,,,,-0.894811,,,,,,,,,-1.251987,,,,,,,,
0.755556,,-0.231109,,,,,,,,,-1.285205,,,,,,,,,0.963092,,,,,,,,,-0.162465,,,,,,,,,-0.003512,,,,,,,,,0.177163,,,,,,,,,0.000000,,,,,,,,,-0.852853,,,,,,,,,-1.287631,,,,,,,,
0.777778,,-0.361751,,,,,,,,,-1.339573,,,,,,,,,0.974875,,,,,,,,,-0.053141,,,,,,,,,-0.055806,,,,,,,,,0.012765,,,,,,,,,0.000000,,,,,,,,,-1.344625,,,,,,,,,-1.295533,,,,,,,,
0.800000,,-0.425701,,,,,,,,,-1.331757,,,,,,,,,0.959445,,,,,,,,,0.066121,,,,,,,,,-0.157126,,,,,,,,,-0.047906,,,,,,,,,0.000000,,,,,,,,,-1.866426,,,,,,,,,-1.290803,,,,,,,,
0.820000,,-0.441804,,,,,,,,,-1.331731,,,,,,,,,0.939169,,,,,,,,,0.120783,,,,,,,,,-0.088490,,,,,,,,,-0.038120,,,,,,,,,0.000000,,,,,,,,,-1.874406,,,,,,,,,-1.293062,,,,,,,,
0.840000,,-0.423295,,,,,,,,,-1.327024,,,,,,,,,0.932607,,,,,,,,,0.108359,,,,,,,,,-0.104832,,,,,,,,,-0.024420,,,,,,,,,0.000000,,,,,,,,,-1.349164,,,,,,,,,-1.293135,,,,,,,,
0.860000,,-0.416755,,,,,,,,,-1.320710,,,,,,,,,0.929608,,,,,,,,,0.100906,,,,,,,,,-0.127710,,,,,,,,,-0.010720,,,,,,,,,0.000000,,,,,,,,,-1.350436,,,,,,,,,-1.294248,,,,,,,,
0.880000,,-0.407654,,,,,,,,,-1.309687,,,,,,,,,0.927515,,,,,,,,,0.100906,,,,,,,,,-0.108100,,,,,,,,,-0.016592,,,,,,,,,0.000000,,,,,,,,,-0.832241,,,,,,,,,-1.296230,,,,,,,,
0.900000,,-0.414324,,,,,,,,,-1.307966,,,,,,,,,0.921964,,,,,,,,,0.090967,,,,,,,,,-0.121174,,,,,,,,,-0.010720,,,,,,,,,0.000000,,,,,,,,,-0.312449,,,,,,,,,-1.297333,,,,,,,,
0.920000,,-0.409627,,,,,,,,,-1.312954,,,,,,,,,0.932831,,,,,,,,,0.088482,,,,,,,,,-0.127710,,,,,,,,,-0.020506,,,,,,,,,0.000000,,,,,,,,,-0.306431,,,,,,,,,-1.295342,,,,,,,,
0.940000,,-0.403570,,,,,,,,,-1.306462,,,,,,,,,0.932054,,,,,,,,,0.093452,,,,,,,,,-0.140784,,,,,,,,,-0.026377,,,,,,,,,0.000000,,,,,,,,,0.216726,,,,,,,,,-1.293616,,,,,,,,
0.960000,,-0.406710,,,,,,,,,-1.303506,,,,,,,,,0.933427,,,,,,,,,0.093452,,,,,,,,,-0.166931,,,,,,,,,-0.024420,,,,,,,,,0.000000,,,,,,,,,0.741050,,,,,,,,,-1.291859,,,,,,,,
0.980000,,-0.404786,,,,,,,,,-1.288742,,,,,,,,,0.928116,,,,,,,,,0.093452,,,,,,,,,-0.153857,,,,,,,,,-0.022463,,,,,,,,,0.000000,,,,,,,,,1.258317,,,,,,,,,-1.292248,,,,,,,,
1.000000,,-0.408121,,,,,,,,,-1.295256,,,,,,,,,0.931732,,,,,,,,,0.090967,,,,,,,,,-0.150589,,,,,,,,,-0.024420,,,,,,,,,0.000000,,,,,,,,,0.734992,,,,,,,,,-1.290325,,,,,,,,
0.000000,,,0.532254,,,,,,,,,-1.679183,,,,,,,,,1.567937,,,,,,,,,0.220301,,,,,,,,,-0.135764,,,,,,,,,-0.085679,,,,,,,,,0.000000,,,,,,,,,3.096373,,,,,,,,,-1.616004,,,,,,,
0.025000,,,0.602238,,,,,,,,,-1.667013,,,,,,,,,1.581812,,,,,,,,,0.321670,,,,,,,,,-0.247614,,,,,,,,,-0.182294,,,,,,,,,0.000000,,,,,,,,,3.044489,,,,,,,,,-1.621147,,,,,,,
0.050000,,,0.679463,,,,,,,,,-1.623775,,,,,,,,,1.599489,,,,,,,,,0.456828,,,,,,,,,-0.382344,,,,,,,,,-0.360786,,,,,,,,,0.000000,,,,,,,,,2.826258,,,,,,,,,-1.607185,,,,,,,
0.075000,,,0.760209,,,,,,,,,-1.557933,,,,,,,,,1.563674,,,,,,,,,0.689601,,,,,,,,,-0.491653,,,,,,,,,-0.596591,,,,,,,,,0.000000,,,,,,,,,2.491678,,,,,,,,,-1.564846,,,,,,,
0.100000,,,0.821466,,,,,,,,,-1.445263,,,,,,,,,1.469701,,,,,,,,,1.031252,,,,,,,,,-0.514531,,,,,,,,,-0.853685,,,,,,,,,0.000000,,,,,,,,,2.047905,,,,,,,,,-1.439865,,,,,,,
0.125000,,,0.858389,,,,,,,,,-1.277662,,,,,,,,,1.334479,,,,,,,,,1.357885,,,,,,,,,-0.522158,,,,,,,,,-1.138617,,,,,,,,,0.000000,,,,,,,,,1.566282,,,,,,,,,-1.212457,,,,,,,
0.150000,,,0.829361,,,,,,,,,-1.045014,,,,,,,,,1.147038,,,,,,,,,1.699536,,,,,,,,,-0.389970,,,,,,,,,-1.385885,,,,,,,,,0.000000,,,,,,,,,1.088664,,,,,,,,,-0.938495,,,,,,,
0.175000,,,0.727924,,,,,,,,,-0.778845,,,,,,,,,0.877428,,,,,,,,,1.917291,,,,,,,,,-0.199315,,,,,,,,,-1.557827,,,,,,,,,0.000000,,,,,,,,,0.613630,,,,,,,,,-0.621985,,,,,,,
0.200000,,,0.592823,,,,,,,,,-0.510521,,,,,,,,,0.627567,,,,,,,,,1.954835,,,,,,,,,0.057433,,,,,,,,,-1.631516,,,,,,,,,0.000000,,,,,,,,,0.193242,,,,,,,,,-0.279131,,,,,,,
0.215385,,,0.409868,,,,,,,,,-0.243906,,,,,,,,,0.396095,,,,,,,,,1.879747,,,,,,,,,0.365023,,,,,,,,,-1.606953,,,,,,,,,0.000000,,,,,,,,,-0.162964,,,,,,,,,0.053010,,,,,,,
0.230769,,,0.227168,,,,,,,,,-0.009001,,,,,,,,,0.161789,,,,,,,,,1.725817,,,,,,,,,0.840390,,,,,,,,,-1.467762,,,,,,,,,0.000000,,,,,,,,,-0.393936,,,,,,,,,0.348448,,,,,,,
0.246154,,,-0.104734,,,,,,,,,0.172913,,,,,,,,,-0.023001,,,,,,,,,1.511816,,,,,,,,,1.587757,,,,,,,,,-1.271257,,,,,,,,,0.000000,,,,,,,,,-0.465630,,,,,,,,,0.563951,,,,,,,
0.261538,,,-0.408025,,,,,,,,,0.327147,,,,,,,,,-0.099322,,,,,,,,,1.218972,,,,,,,,,1.717403,,,,,,,,,-1.014164,,,,,,,,,0.000000,,,,,,,,,-0.398273,,,,,,,,,0.684495,,,,,,,
0.276923,,,-0.739534,,,,,,,,,0.414218,,,,,,,,,-0.182327,,,,,,,,,0.873567,,,,,,,,,1.864842,,,,,,,,,-0.694844,,,,,,,,,0.000000,,,,,,,,,-0.285120,,,,,,,,,0.699773,,,,,,,
0.292308,,,-1.049718,,,,,,,,,0.463043,,,,,,,,,-0.233487,,,,,,,,,0.629531,,,,,,,,,1.979235,,,,,,,,,-0.300197,,,,,,,,,0.000000,,,,,,,,,-0.171897,,,,,,,,,0.664660,,,,,,,
0.307692,,,-1.248096,,,,,,,,,0.515189,,,,,,,,,-0.262400,,,,,,,,,0.483109,,,,,,,,,1.780954,,,,,,,,,0.091175,,,,,,,,,0.000000,,,,,,,,,-0.103236,,,,,,,,,0.606994,,,,,,,
0.323077,,,-1.387312,,,,,,,,,0.580783,,,,,,,,,-0.344185,,,,,,,,,0.483109,,,,,,,,,1.503869,,,,,,,,,0.466171,,,,,,,,,0.000000,,,,,,,,,-0.053817,,,,,,,,,0.559187,,,,,,,
0.338462,,,-1.411152,,,,,,,,,0.658470,,,,,,,,,-0.474352,,,,,,,,,0.610759,,,,,,,,,1.211531,,,,,,,,,0.846080,,,,,,,,,0.000000,,,,,,,,,-0.038022,,,,,,,,,0.543071,,,,,,,
0.353846,,,-1.349950,,,,,,,,,0.752855,,,,,,,,,-0.656207,,,,,,,,,0.685847,,,,,,,,,0.639567,,,,,,,,,1.167038,,,,,,,,,0.000000,,,,,,,,,-0.055904,,,,,,,,,0.563634,,,,,,,
0.369231,,,-1.044776,,,,,,,,,0.871238,,,,,,,,,-0.813143,,,,,,,,,0.659566,,,,,,,,,-0.362007,,,,,,,,,1.445419,,,,,,,,,0.000000,,,,,,,,,-0.136318,,,,,,,,,0.644354,,,,,,,
0.384615,,,-0.765616,,,,,,,,,0.963154,,,,,,,,,-1.063452,,,,,,,,,0.550688,,,,,,,,,-0.450980,,,,,,,,,1.491270,,,,,,,,,0.000000,,,,,,,,,-0.267010,,,,,,,,,0.761111,,,,,,,
0.400000,,,-0.381930,,,,,,,,,1.081014,,,,,,,,,-1.218165,,,,,,,,,0.505635,,,,,,,,,-0.707728,,,,,,,,,1.492908,,,,,,,,,0.000000,,,,,,,,,-0.414769,,,,,,,,,0.891388,,,,,,,
0.416667,,,0.030542,,,,,,,,,1.173895,,,,,,,,,-1.350445,,,,,,,,,0.362968,,,,,,,,,-0.997524,,,,,,,,,1.371730,,,,,,,,,0.000000,,,,,,,,,-0.570146,,,,,,,,,1.022273,,,,,,,
0.433333,,,0.407581,,,,,,,,,1.231565,,,,,,,,,-1.430996,,,,,,,,,0.209038,,,,,,,,,-1.078870,,,,,,,,,1.173588,,,,,,,,,0.000000,,,,,,,,,-0.693356,,,,,,,,,1.117448,,,,,,,
0.450000,,,0.749811,,,,,,,,,1.263404,,,,,,,,,-1.506960,,,,,,,,,0.085142,,,,,,,,,-1.055992,,,,,,,,,0.903394,,,,,,,,,0.000000,,,,,,,,,-0.802504,,,,,,,,,1.203930,,,,,,,
0.466667,,,1.012177,,,,,,,,,1.257574,,,,,,,,,-1.556704,,,,,,,,,-0.136368,,,,,,,,,-0.926346,,,,,,,,,0.528398,,,,,,,,,0.000000,,,,,,,,,-0.898643,,,,,,,,,1.268524,,,,,,,
0.483333,,,1.123253,,,,,,,,,1.244474,,,,,,,,,-1.530612,,,,,,,,,-0.331597,,,,,,,,,-0.611130,,,,,,,,,0.112463,,,,,,,,,0.000000,,,,,,,,,-0.948832,,,,,,,,,1.294892,,,,,,,
0.500000,,,1.086160,,,,,,,,,1.241704,,,,,,,,,-1.494151,,,,,,,,,-0.511808,,,,,,,,,-0.163726,,,,,,,,,-0.290372,,,,,,,,,0.000000,,,,,,,,,-0.947503,,,,,,,,,1.290953,,,,,,,
0.516667,,,1.029693,,,,,,,,,1.236807,,,,,,,,,-1.396777,,,,,,,,,-0.654475,,,,,,,,,-0.011202,,,,,,,,,-0.517990,,,,,,,,,0.000000,,,,,,,,,-0.909885,,,,,,,,,1.259471,,,,,,,
0.533333,,,0.871088,,,,,,,,,1.197790,,,,,,,,,-1.303205,,,,,,,,,-0.800897,,,,,,,,,0.431117,,,,,,,,,-0.783271,,,,,,,,,0.000000,,,,,,,,,-0.851606,,,,,,,,,1.201174,,,,,,,
0.550000,,,0.591678,,,,,,,,,1.107301,,,,,,,,,-1.210935,,,,,,,,,-0.819669,,,,,,,,,0.855642,,,,,,,,,-1.027264,,,,,,,,,0.000000,,,,,,,,,-0.763512,,,,,,,,,1.108960,,,,,,,
0.566667,,,0.229528,,,,,,,,,1.004737,,,,,,,,,-1.093951,,,,,,,,,-0.868476,,,,,,,,,1.059008,,,,,,,,,-1.209031,,,,,,,,,0.000000,,,,,,,,,-0.660761,,,,,,,,,1.007965,,,,,,,
0.583333,,,-0.137774,,,,,,,,,0.900361,,,,,,,,,-0.912854,,,,,,,,,-0.939810,,,,,,,,,1.229326,,,,,,,,,-1.305646,,,,,,,,,0.000000,,,,,,,,,-0.527969,,,,,,,,,0.856287,,,,,,,
0.600000,,,-0.531685,,,,,,,,,0.781916,,,,,,,,,-0.712563,,,,,,,,,-0.898512,,,,,,,,,1.221700,,,,,,,,,-1.315471,,,,,,,,,0.000000,,,,,,,,,-0.368148,,,,,,,,,0.683194,,,,,,,
0.615385,,,-0.873089,,,,,,,,,0.657260,,,,,,,,,-0.541513,,,,,,,,,-0.767107,,,,,,,,,1.216616,,,,,,,,,-1.233594,,,,,,,,,0.000000,,,,,,,,,-0.209233,,,,,,,,,0.527959,,,,,,,
0.630769,,,-1.160883,,,,,,,,,0.500552,,,,,,,,,-0.320612,,,,,,,,,-0.586896,,,,,,,,,1.132727,,,,,,,,,-1.117329,,,,,,,,,0.000000,,,,,,,,,-0.063924,,,,,,,,,0.383371,,,,,,,
0.646154,,,-1.453707,,,,,,,,,0.380705,,,,,,,,,-0.242543,,,,,,,,,-0.346614,,,,,,,,,0.898857,,,,,,,,,-0.947025,,,,,,,,,0.000000,,,,,,,,,0.086618,,,,,,,,,0.246248,,,,,,,
0.661538,,,-1.701109,,,,,,,,,0.281015,,,,,,,,,-0.168255,,,,,,,,,-0.083806,,,,,,,,,0.631940,,,,,,,,,-0.675193,,,,,,,,,0.000000,,,,,,,,,0.213640,,,,,,,,,0.142293,,,,,,,
0.676923,,,-1.809815,,,,,,,,,0.226448,,,,,,,,,-0.117011,,,,,,,,,0.017563,,,,,,,,,0.146406,,,,,,,,,-0.388624,,,,,,,,,0.000000,,,,,,,,,0.290766,,,,,,,,,0.083441,,,,,,,
0.692308,,,-1.804426,,,,,,,,,0.209340,,,,,,,,,-0.115376,,,,,,,,,0.186511,,,,,,,,,-0.206941,,,,,,,,,-0.093867,,,,,,,,,0.000000,,,,,,,,,0.315278,,,,,,,,,0.063638,,,,,,,
0.707692,,,-1.755453,,,,,,,,,0.229403,,,,,,,,,-0.151764,,,,,,,,,0.299143,,,,,,,,,-0.608588,,,,,,,,,0.168139,,,,,,,,,0.000000,,,,,,,,,0.290034,,,,,,,,,0.100280,,,,,,,
0.723077,,,-1.618532,,,,,,,,,0.309475,,,,,,,,,-0.221729,,,,,,,,,0.377986,,,,,,,,,-1.137338,,,,,,,,,0.408857,,,,,,,,,0.000000,,,,,,,,,0.223909,,,,,,,,,0.197975,,,,,,,
0.738462,,,-1.423853,,,,,,,,,0.371955,,,,,,,,,-0.314165,,,,,,,,,0.295389,,,,,,,,,-1.620330,,,,,,,,,0.652851,,,,,,,,,0.000000,,,,,,,,,0.113895,,,,,,,,,0.313764,,,,,,,
0.753846,,,-1.153354,,,,,,,,,0.446801,,,,,,,,,-0.465081,,,,,,,,,-0.008718,,,,,,,,,-1.831322,,,,,,,,,0.963983,,,,,,,,,0.000000,,,,,,,,,-0.023561,,,,,,,,,0.447019,,,,,,,
0.769231,,,-0.719708,,,,,,,,,0.434632,,,,,,,,,-0.399131,,,,,,,,,-0.493036,,,,,,,,,-1.960967,,,,,,,,,1.248915,,,,,,,,,0.000000,,,,,,,,,-0.194962,,,,,,,,,0.491532,,,,,,,
0.784615,,,-0.248114,,,,,,,,,0.360339,,,,,,,,,-0.356167,,,,,,,,,-0.932301,,,,,,,,,-1.968593,,,,,,,,,1.437232,,,,,,,,,0.000000,,,,,,,,,-0.385121,,,,,,,,,0.477429,,,,,,,
0.800000,,,0.225237,,,,,,,,,0.238470,,,,,,,,,-0.210989,,,,,,,,,-1.326514,,,,,,,,,-1.732181,,,,,,,,,1.543672,,,,,,,,,0.000000,,,,,,,,,-0.497392,,,,,,,,,0.344966,,,,,,,
0.816667,,,0.600407,,,,,,,,,0.071440,,,,,,,,,0.010545,,,,,,,,,-1.649392,,,,,,,,,-1.264441,,,,,,,,,1.497821,,,,,,,,,0.000000,,,,,,,,,-0.495664,,,,,,,,,0.148482,,,,,,,
0.833333,,,0.892462,,,,,,,,,-0.159029,,,,,,,,,0.227158,,,,,,,,,-1.792060,,,,,,,,,-0.872963,,,,,,,,,1.389743,,,,,,,,,0.000000,,,,,,,,,-0.322679,,,,,,,,,-0.118164,,,,,,,
0.850000,,,1.068447,,,,,,,,,-0.476744,,,,,,,,,0.503546,,,,,,,,,-2.032341,,,,,,,,,-0.407765,,,,,,,,,1.291491,,,,,,,,,0.000000,,,,,,,,,-0.041355,,,,,,,,,-0.421246,,,,,,,
0.866667,,,1.191054,,,,,,,,,-0.767596,,,,,,,,,0.780251,,,,,,,,,-2.062377,,,,,,,,,0.085396,,,,,,,,,1.155575,,,,,,,,,0.000000,,,,,,,,,0.322719,,,,,,,,,-0.747553,,,,,,,
0.883333,,,1.245205,,,,,,,,,-1.039541,,,,,,,,,1.059089,,,,,,,,,-1.825849,,,,,,,,,0.245546,,,,,,,,,0.885381,,,,,,,,,0.000000,,,,,,,,,-1.985686,,,,,,,,,-1.088253,,,,,,,
0.900000,,,1.180020,,,,,,,,,-1.274522,,,,,,,,,1.224596,,,,,,,,,-1.382830,,,,,,,,,0.367566,,,,,,,,,0.600449,,,,,,,,,0.000000,,,,,,,,,-1.464737,,,,,,,,,-1.349322,,,,,,,
0.916667,,,1.079890,,,,,,,,,-1.440201,,,,,,,,,1.369792,,,,,,,,,-0.988617,,,,,,,,,0.314182,,,,,,,,,0.361369,,,,,,,,,0.000000,,,,,,,,,-0.943952,,,,,,,,,-1.567315,,,,,,,
0.933333,,,0.977225,,,,,,,,,-1.539398,,,,,,,,,1.422539,,,,,,,,,-0.594405,,,,,,,,,0.146406,,,,,,,,,0.189427,,,,,,,,,0.000000,,,,,,,,,-0.544964,,,,,,,,,-1.666905,,,,,,,
0.950000,,,0.920196,,,,,,,,,-1.621689,,,,,,,,,1.403991,,,,,,,,,-0.342860,,,,,,,,,-0.087464,,,,,,,,,0.120651,,,,,,,,,0.000000,,,,,,,,,-0.184910,,,,,,,,,-1.726380,,,,,,,
0.966667,,,0.897412,,,,,,,,,-1.672861,,,,,,,,,1.417776,,,,,,,,,-0.230228,,,,,,,,,-0.204399,,,,,,,,,0.079712,,,,,,,,,0.000000,,,,,,,,,0.041991,,,,,,,,,-1.743835,,,,,,,
0.983333,,,0.906295,,,,,,,,,-1.666155,,,,,,,,,1.379082,,,,,,,,,-0.012472,,,,,,,,,-0.148474,,,,,,,,,0.010935,,,,,,,,,0.000000,,,,,,,,,0.146732,,,,,,,,,-1.760564,,,,,,,
1.000000,,,0.925818,,,,,,,,,-1.663537,,,,,,,,,1.369152,,,,,,,,,0.118932,,,,,,,,,-0.229820,,,,,,,,,-0.043103,,,,,,,,,0.000000,,,,,,,,,0.233793,,,,,,,,,-1.776894,,,,,,,
0.000000,,,,0.409102,,,,,,,,,-1.362882,,,,,,,,,0.978864,,,,,,,,,-0.030332,,,,,,,,,-0.047555,,,,,,,,,0.085756,,,,,,,,,0.000000,,,,,,,,,0.267713,,,,,,,,,-1.485714,,,,,,
0.014286,,,,0.382618,,,,,,,,,-1.377167,,,,,,,,,0.976742,,,,,,,,,-0.060665,,,,,,,,,-0.020144,,,,,,,,,0.097097,,,,,,,,,0.000000,,,,,,,,,-0.217792,,,,,,,,,-1.485569,,,,,,
0.028571,,,,0.361318,,,,,,,,,-1.390361,,,,,,,,,0.991134,,,,,,,,,-0.087964,,,,,,,,,-0.041464,,,,,,,,,0.110059,,,,,,,,,0.000000,,,,,,,,,-0.709155,,,,,,,,,-1.474785,,,,,,
0.042857,,,,0.357913,,,,,,,,,-1.418800,,,,,,,,,1.001816,,,,,,,,,-0.103130,,,,,,,,,-0.038418,,,,,,,,,0.113299,,,,,,,,,0.000000,,,,,,,,,-1.178192,,,,,,,,,-1.470185,,,,,,
0.057143,,,,0.346351,,,,,,,,,-1.438580,,,,,,,,,1.003570,,,,,,,,,-0.106163,,,,,,,,,-0.038418,,,,,,,,,0.098718,,,,,,,,,0.000000,,,,,,,,,-1.661387,,,,,,,,,-1.463215,,,,,,
0.071429,,,,0.330214,,,,,,,,,-1.448732,,,,,,,,,1.030170,,,,,,,,,-0.084931,,,,,,,,,-0.047555,,,,,,,,,0.074415,,,,,,,,,0.000000,,,,,,,,,-1.655950,,,,,,,,,-1.451408,,,,,,
0.085714,,,,0.350374,,,,,,,,,-1.450178,,,,,,,,,1.038772,,,,,,,,,-0.024266,,,,,,,,,-0.062784,,,,,,,,,0.020949,,,,,,,,,0.000000,,,,,,,,,-1.650658,,,,,,,,,-1.449421,,,,,,
0.100000,,,,0.449936,,,,,,,,,-1.442017,,,,,,,,,1.075700,,,,,,,,,0.072798,,,,,,,,,-0.175474,,,,,,,,,-0.134589,,,,,,,,,0.000000,,,,,,,,,-1.652787,,,,,,,,,-1.444426,,,,,,
0.114286,,,,0.587544,,,,,,,,,-1.426866,,,,,,,,,1.099867,,,,,,,,,0.269958,,,,,,,,,-0.464814,,,,,,,,,-0.469967,,,,,,,,,0.000000,,,,,,,,,-1.710132,,,,,,,,,-1.410308,,,,,,
0.128571,,,,0.689623,,,,,,,,,-1.344376,,,,,,,,,1.069114,,,,,,,,,0.555083,,,,,,,,,-0.510499,,,,,,,,,-0.876633,,,,,,,,,0.000000,,,,,,,,,-1.300217,,,,,,,,,-1.307183,,,,,,
0.142857,,,,0.678752,,,,,,,,,-1.191216,,,,,,,,,0.979966,,,,,,,,,0.846274,,,,,,,,,-0.400855,,,,,,,,,-1.228213,,,,,,,,,0.000000,,,,,,,,,-0.894981,,,,,,,,,-1.116615,,,,,,
0.157143,,,,0.643639,,,,,,,,,-0.996615,,,,,,,,,0.879220,,,,,,,,,1.040401,,,,,,,,,-0.525728,,,,,,,,,-1.558731,,,,,,,,,0.000000,,,,,,,,,-0.499338,,,,,,,,,-0.860157,,,,,,
0.171429,,,,0.549305,,,,,,,,,-0.739575,,,,,,,,,0.745092,,,,,,,,,1.228462,,,,,,,,,-0.221159,,,,,,,,,-1.766115,,,,,,,,,0.000000,,,,,,,,,-0.102946,,,,,,,,,-0.570134,,,,,,
0.185714,,,,0.362562,,,,,,,,,-0.460954,,,,,,,,,0.596843,,,,,,,,,1.310360,,,,,,,,,-0.059738,,,,,,,,,-1.911931,,,,,,,,,0.000000,,,,,,,,,0.294709,,,,,,,,,-0.251639,,,,,,
0.200000,,,,0.164063,,,,,,,,,-0.183620,,,,,,,,,0.436624,,,,,,,,,1.286094,,,,,,,,,-0.020144,,,,,,,,,-1.931374,,,,,,,,,0.000000,,,,,,,,,0.695898,,,,,,,,,0.078433,,,,,,
0.218182,,,,-0.161713,,,,,,,,,0.066228,,,,,,,,,0.237909,,,,,,,,,1.182964,,,,,,,,,0.409297,,,,,,,,,-1.795278,,,,,,,,,0.000000,,,,,,,,,1.103221,,,,,,,,,0.400100,,,,,,
0.236364,,,,-0.552380,,,,,,,,,0.284885,,,,,,,,,0.100454,,,,,,,,,0.958504,,,,,,,,,0.975794,,,,,,,,,-1.437217,,,,,,,,,0.000000,,,,,,,,,1.078954,,,,,,,,,0.663820,,,,,,
0.254545,,,,-0.833244,,,,,,,,,0.453765,,,,,,,,,0.052460,,,,,,,,,0.724944,,,,,,,,,0.954474,,,,,,,,,-1.048373,,,,,,,,,0.000000,,,,,,,,,1.077966,,,,,,,,,0.830346,,,,,,
0.272727,,,,-1.147297,,,,,,,,,0.552296,,,,,,,,,0.041960,,,,,,,,,0.536883,,,,,,,,,0.659043,,,,,,,,,-0.623885,,,,,,,,,0.000000,,,,,,,,,1.084168,,,,,,,,,0.894978,,,,,,
0.290909,,,,-1.346342,,,,,,,,,0.665075,,,,,,,,,0.029532,,,,,,,,,0.615748,,,,,,,,,0.528079,,,,,,,,,-0.126488,,,,,,,,,0.000000,,,,,,,,,1.086817,,,,,,,,,0.916238,,,,,,
0.309091,,,,-1.396241,,,,,,,,,0.734794,,,,,,,,,-0.013578,,,,,,,,,0.715845,,,,,,,,,0.019450,,,,,,,,,0.288279,,,,,,,,,0.000000,,,,,,,,,1.084226,,,,,,,,,0.949304,,,,,,
0.327273,,,,-1.288495,,,,,,,,,0.792516,,,,,,,,,-0.120802,,,,,,,,,0.879640,,,,,,,,,-0.394763,,,,,,,,,0.639859,,,,,,,,,0.000000,,,,,,,,,1.076975,,,,,,,,,0.999898,,,,,,
0.345455,,,,-1.124714,,,,,,,,,0.844064,,,,,,,,,-0.232548,,,,,,,,,1.064667,,,,,,,,,-0.769382,,,,,,,,,0.878026,,,,,,,,,0.000000,,,,,,,,,1.067011,,,,,,,,,1.057039,,,,,,
0.363636,,,,-0.846842,,,,,,,,,0.916251,,,,,,,,,-0.374712,,,,,,,,,1.295193,,,,,,,,,-1.274966,,,,,,,,,1.041665,,,,,,,,,0.000000,,,,,,,,,0.811310,,,,,,,,,1.085512,,,,,,
0.381818,,,,-0.480617,,,,,,,,,0.990974,,,,,,,,,-0.610102,,,,,,,,,1.549986,,,,,,,,,-1.731818,,,,,,,,,1.129155,,,,,,,,,0.000000,,,,,,,,,0.552686,,,,,,,,,1.102390,,,,,,
0.400000,,,,-0.068202,,,,,,,,,1.065962,,,,,,,,,-0.894801,,,,,,,,,1.683448,,,,,,,,,-1.926742,,,,,,,,,1.227986,,,,,,,,,0.000000,,,,,,,,,0.290858,,,,,,,,,1.133210,,,,,,
0.416667,,,,0.482581,,,,,,,,,1.139502,,,,,,,,,-1.197423,,,,,,,,,1.710747,,,,,,,,,-1.750092,,,,,,,,,1.192342,,,,,,,,,0.000000,,,,,,,,,0.029190,,,,,,,,,1.137912,,,,,,
0.433333,,,,0.938009,,,,,,,,,1.159270,,,,,,,,,-1.507782,,,,,,,,,1.483254,,,,,,,,,-1.494255,,,,,,,,,1.023843,,,,,,,,,0.000000,,,,,,,,,-0.227326,,,,,,,,,1.095736,,,,,,
0.450000,,,,1.308042,,,,,,,,,1.155021,,,,,,,,,-1.734803,,,,,,,,,1.201163,,,,,,,,,-1.250600,,,,,,,,,0.814839,,,,,,,,,0.000000,,,,,,,,,-0.481719,,,,,,,,,0.999340,,,,,,
0.466667,,,,1.610253,,,,,,,,,1.144047,,,,,,,,,-1.896498,,,,,,,,,0.870540,,,,,,,,,-0.946032,,,,,,,,,0.586393,,,,,,,,,0.000000,,,,,,,,,-0.733160,,,,,,,,,0.861144,,,,,,
0.483333,,,,1.813109,,,,,,,,,1.139621,,,,,,,,,-2.027150,,,,,,,,,0.479252,,,,,,,,,-0.483088,,,,,,,,,0.333644,,,,,,,,,0.000000,,,,,,,,,-0.981473,,,,,,,,,0.748346,,,,,,
0.500000,,,,1.905379,,,,,,,,,1.129415,,,,,,,,,-2.089699,,,,,,,,,-0.018199,,,,,,,,,-0.111515,,,,,,,,,0.048492,,,,,,,,,0.000000,,,,,,,,,-0.984279,,,,,,,,,0.702377,,,,,,
0.516667,,,,1.876845,,,,,,,,,1.117618,,,,,,,,,-2.047616,,,,,,,,,-0.549016,,,,,,,,,0.387977,,,,,,,,,-0.238281,,,,,,,,,0.000000,,,,,,,,,-0.983933,,,,,,,,,0.743399,,,,,,
0.533333,,,,1.597477,,,,,,,,,1.103815,,,,,,,,,-1.914329,,,,,,,,,-1.046468,,,,,,,,,1.277317,,,,,,,,,-0.570419,,,,,,,,,0.000000,,,,,,,,,-0.731853,,,,,,,,,0.826908,,,,,,
0.550000,,,,1.206830,,,,,,,,,1.086710,,,,,,,,,-1.691099,,,,,,,,,-1.434723,,,,,,,,,1.798129,,,,,,,,,-0.850711,,,,,,,,,0.000000,,,,,,,,,-0.475786,,,,,,,,,0.879296,,,,,,
0.566667,,,,0.657080,,,,,,,,,1.038332,,,,,,,,,-1.400681,,,,,,,,,-1.683448,,,,,,,,,2.291529,,,,,,,,,-1.064575,,,,,,,,,0.000000,,,,,,,,,-0.216156,,,,,,,,,0.895874,,,,,,
0.583333,,,,0.093713,,,,,,,,,0.983857,,,,,,,,,-1.095757,,,,,,,,,-1.792645,,,,,,,,,2.114880,,,,,,,,,-1.163406,,,,,,,,,0.000000,,,,,,,,,0.049674,,,,,,,,,0.888154,,,,,,
0.600000,,,,-0.465985,,,,,,,,,0.918921,,,,,,,,,-0.793133,,,,,,,,,-1.804778,,,,,,,,,2.078332,,,,,,,,,-1.202291,,,,,,,,,0.000000,,,,,,,,,0.316720,,,,,,,,,0.874178,,,,,,
0.620000,,,,-1.018138,,,,,,,,,0.824338,,,,,,,,,-0.528478,,,,,,,,,-1.595484,,,,,,,,,1.843814,,,,,,,,,-1.160166,,,,,,,,,0.000000,,,,,,,,,0.582341,,,,,,,,,0.818097,,,,,,
0.640000,,,,-1.569265,,,,,,,,,0.700239,,,,,,,,,-0.272980,,,,,,,,,-1.392257,,,,,,,,,1.481378,,,,,,,,,-1.022450,,,,,,,,,0.000000,,,,,,,,,0.847396,,,,,,,,,0.739936,,,,,,
0.660000,,,,-1.921784,,,,,,,,,0.615042,,,,,,,,,-0.064072,,,,,,,,,-0.961537,,,,,,,,,0.546353,,,,,,,,,-0.769701,,,,,,,,,0.000000,,,,,,,,,1.108009,,,,,,,,,0.635596,,,,,,
0.680000,,,,-2.010171,,,,,,,,,0.582091,,,,,,,,,0.048139,,,,,,,,,-0.497451,,,,,,,,,-0.480042,,,,,,,,,-0.369516,,,,,,,,,0.000000,,,,,,,,,1.114239,,,,,,,,,0.553698,,,,,,
0.700000,,,,-1.993994,,,,,,,,,0.558067,,,,,,,,,0.038135,,,,,,,,,-0.151662,,,,,,,,,-0.967352,,,,,,,,,0.082516,,,,,,,,,0.000000,,,,,,,,,1.114547,,,,,,,,,0.549145,,,,,,
0.720000,,,,-1.721762,,,,,,,,,0.558916,,,,,,,,,-0.002396,,,,,,,,,-0.066731,,,,,,,,,-1.454661,,,,,,,,,0.576672,,,,,,,,,0.000000,,,,,,,,,1.109790,,,,,,,,,0.569753,,,,,,
0.740000,,,,-1.357175,,,,,,,,,0.526654,,,,,,,,,-0.026885,,,,,,,,,-0.203227,,,,,,,,,-1.323697,,,,,,,,,0.984958,,,,,,,,,0.000000,,,,,,,,,1.099020,,,,,,,,,0.557334,,,,,,
0.760000,,,,-0.903172,,,,,,,,,0.444747,,,,,,,,,0.003949,,,,,,,,,-0.391288,,,,,,,,,-1.214052,,,,,,,,,1.312236,,,,,,,,,0.000000,,,,,,,,,1.087671,,,,,,,,,0.488568,,,,,,
0.780000,,,,-0.442138,,,,,,,,,0.324004,,,,,,,,,0.101669,,,,,,,,,-0.703712,,,,,,,,,-0.882073,,,,,,,,,1.526100,,,,,,,,,0.000000,,,,,,,,,1.096540,,,,,,,,,0.319133,,,,,,
0.800000,,,,-0.031166,,,,,,,,,0.183729,,,,,,,,,0.218217,,,,,,,,,-0.864473,,,,,,,,,-0.620144,,,,,,,,,1.649234,,,,,,,,,0.000000,,,,,,,,,1.142337,,,,,,,,,0.096458,,,,,,
0.822222,,,,0.256824,,,,,,,,,-0.014452,,,,,,,,,0.332583,,,,,,,,,-1.113199,,,,,,,,,0.062089,,,,,,,,,1.641133,,,,,,,,,0.000000,,,,,,,,,1.223053,,,,,,,,,-0.154057,,,,,,
0.844444,,,,0.415911,,,,,,,,,-0.276619,,,,,,,,,0.466691,,,,,,,,,-1.301260,,,,,,,,,0.546353,,,,,,,,,1.517999,,,,,,,,,0.000000,,,,,,,,,0.829550,,,,,,,,,-0.449936,,,,,,
0.866667,,,,0.545601,,,,,,,,,-0.558409,,,,,,,,,0.666291,,,,,,,,,-1.383157,,,,,,,,,0.628586,,,,,,,,,1.300894,,,,,,,,,0.000000,,,,,,,,,0.440952,,,,,,,,,-0.749160,,,,,,
0.888889,,,,0.559372,,,,,,,,,-0.827325,,,,,,,,,0.857080,,,,,,,,,-1.273961,,,,,,,,,0.689500,,,,,,,,,1.035184,,,,,,,,,0.000000,,,,,,,,,0.054441,,,,,,,,,-1.007304,,,,,,
0.911111,,,,0.482058,,,,,,,,,-1.047985,,,,,,,,,0.992395,,,,,,,,,-1.061634,,,,,,,,,0.744322,,,,,,,,,0.753272,,,,,,,,,0.000000,,,,,,,,,-0.335804,,,,,,,,,-1.200119,,,,,,
0.933333,,,,0.285949,,,,,,,,,-1.220830,,,,,,,,,1.077342,,,,,,,,,-0.794709,,,,,,,,,0.643815,,,,,,,,,0.500523,,,,,,,,,0.000000,,,,,,,,,-0.720959,,,,,,,,,-1.324994,,,,,,
0.955556,,,,0.097449,,,,,,,,,-1.338243,,,,,,,,,1.114869,,,,,,,,,-0.518684,,,,,,,,,0.439754,,,,,,,,,0.325543,,,,,,,,,0.000000,,,,,,,,,-1.120694,,,,,,,,,-1.346946,,,,,,
0.977778,,,,-0.008002,,,,,,,,,-1.405515,,,,,,,,,1.123988,,,,,,,,,-0.294224,,,,,,,,,0.360566,,,,,,,,,0.199169,,,,,,,,,0.000000,,,,,,,,,-1.560121,,,,,,,,,-1.323400,,,,,,
1.000000,,,,-0.106957,,,,,,,,,-1.439450,,,,,,,,,1.130167,,,,,,,,,-0.166828,,,,,,,,,0.269196,,,,,,,,,0.110059,,,,,,,,,0.000000,,,,,,,,,-2.031185,,,,,,,,,-1.294975,,,,,,
0.000000,,,,,0.135497,,,,,,,,,-1.704338,,,,,,,,,1.356069,,,,,,,,,0.168045,,,,,,,,,-0.181630,,,,,,,,,-0.085349,,,,,,,,,0.000000,,,,,,,,,-2.337811,,,,,,,,,-1.394677,,,,,
0.025000,,,,,0.225362,,,,,,,,,-1.683820,,,,,,,,,1.397255,,,,,,,,,0.245575,,,,,,,,,-0.386617,,,,,,,,,-0.164544,,,,,,,,,0.000000,,,,,,,,,-2.350889,,,,,,,,,-1.408837,,,,,
0.050000,,,,,0.366433,,,,,,,,,-1.639191,,,,,,,,,1.392244,,,,,,,,,0.343331,,,,,,,,,-0.608337,,,,,,,,,-0.321381,,,,,,,,,0.000000,,,,,,,,,-1.894134,,,,,,,,,-1.453027,,,,,
0.075000,,,,,0.525378,,,,,,,,,-1.556073,,,,,,,,,1.339382,,,,,,,,,0.481537,,,,,,,,,-0.673180,,,,,,,,,-0.563624,,,,,,,,,0.000000,,,,,,,,,-1.489900,,,,,,,,,-1.469349,,,,,
0.100000,,,,,0.611909,,,,,,,,,-1.460133,,,,,,,,,1.245250,,,,,,,,,0.666936,,,,,,,,,-0.694097,,,,,,,,,-0.852452,,,,,,,,,0.000000,,,,,,,,,-1.097815,,,,,,,,,-1.394032,,,,,
0.125000,,,,,0.681874,,,,,,,,,-1.299596,,,,,,,,,1.117778,,,,,,,,,0.980428,,,,,,,,,-0.589512,,,,,,,,,-1.124199,,,,,,,,,0.000000,,,,,,,,,-0.701158,,,,,,,,,-1.207924,,,,,
0.150000,,,,,0.705014,,,,,,,,,-1.083291,,,,,,,,,0.955624,,,,,,,,,1.216390,,,,,,,,,-0.417992,,,,,,,,,-1.406816,,,,,,,,,0.000000,,,,,,,,,-0.314836,,,,,,,,,-0.963911,,,,,
0.175000,,,,,0.642692,,,,,,,,,-0.823209,,,,,,,,,0.753512,,,,,,,,,1.391676,,,,,,,,,-0.189996,,,,,,,,,-1.656824,,,,,,,,,0.000000,,,,,,,,,0.079886,,,,,,,,,-0.679452,,,,,
0.200000,,,,,0.474063,,,,,,,,,-0.513952,,,,,,,,,0.556130,,,,,,,,,1.411901,,,,,,,,,0.063100,,,,,,,,,-1.773287,,,,,,,,,0.000000,,,,,,,,,0.480987,,,,,,,,,-0.401562,,,,,
0.216667,,,,,0.254522,,,,,,,,,-0.220147,,,,,,,,,0.317947,,,,,,,,,1.277066,,,,,,,,,0.473074,,,,,,,,,-1.725149,,,,,,,,,0.000000,,,,,,,,,0.881232,,,,,,,,,-0.137047,,,,,
0.233333,,,,,-0.053700,,,,,,,,,0.014917,,,,,,,,,0.163708,,,,,,,,,1.145601,,,,,,,,,0.987633,,,,,,,,,-1.551231,,,,,,,,,0.000000,,,,,,,,,0.807811,,,,,,,,,0.128117,,,,,
0.250000,,,,,-0.431868,,,,,,,,,0.208556,,,,,,,,,0.032234,,,,,,,,,0.923123,,,,,,,,,1.318122,,,,,,,,,-1.281036,,,,,,,,,0.000000,,,,,,,,,0.793725,,,,,,,,,0.337240,,,,,
0.266667,,,,,-0.709558,,,,,,,,,0.352302,,,,,,,,,0.038718,,,,,,,,,0.670307,,,,,,,,,1.401790,,,,,,,,,-0.939411,,,,,,,,,0.000000,,,,,,,,,0.805353,,,,,,,,,0.443627,,,,,
0.283333,,,,,-1.042503,,,,,,,,,0.412847,,,,,,,,,0.027230,,,,,,,,,0.339960,,,,,,,,,1.309755,,,,,,,,,-0.607103,,,,,,,,,0.000000,,,,,,,,,0.828619,,,,,,,,,0.438576,,,,,
0.300000,,,,,-1.301110,,,,,,,,,0.456854,,,,,,,,,0.067735,,,,,,,,,0.174787,,,,,,,,,1.023192,,,,,,,,,-0.221999,,,,,,,,,0.000000,,,,,,,,,0.847957,,,,,,,,,0.376477,,,,,
0.316667,,,,,-1.413541,,,,,,,,,0.486006,,,,,,,,,0.124282,,,,,,,,,0.208495,,,,,,,,,0.579751,,,,,,,,,0.205033,,,,,,,,,0.000000,,,,,,,,,0.858316,,,,,,,,,0.291444,,,,,
0.333333,,,,,-1.372352,,,,,,,,,0.520216,,,,,,,,,0.099256,,,,,,,,,0.464683,,,,,,,,,0.142584,,,,,,,,,0.546658,,,,,,,,,0.000000,,,,,,,,,0.855181,,,,,,,,,0.279458,,,,,
0.350000,,,,,-1.280071,,,,,,,,,0.590703,,,,,,,,,0.012746,,,,,,,,,0.778175,,,,,,,,,-0.198363,,,,,,,,,0.827722,,,,,,,,,0.000000,,,,,,,,,0.848169,,,,,,,,,0.330485,,,,,
0.366667,,,,,-1.050107,,,,,,,,,0.693119,,,,,,,,,-0.152525,,,,,,,,,1.071442,,,,,,,,,-0.836333,,,,,,,,,1.057542,,,,,,,,,0.000000,,,,,,,,,0.832514,,,,,,,,,0.429126,,,,,
0.383333,,,,,-0.677988,,,,,,,,,0.818561,,,,,,,,,-0.383606,,,,,,,,,1.391676,,,,,,,,,-1.260949,,,,,,,,,1.234566,,,,,,,,,0.000000,,,,,,,,,0.806344,,,,,,,,,0.645147,,,,,
0.400000,,,,,-0.266779,,,,,,,,,0.946202,,,,,,,,,-0.730016,,,,,,,,,1.529882,,,,,,,,,-1.453386,,,,,,,,,1.281151,,,,,,,,,0.000000,,,,,,,,,0.536665,,,,,,,,,0.862328,,,,,
0.418182,,,,,0.180860,,,,,,,,,1.095621,,,,,,,,,-0.999511,,,,,,,,,1.523140,,,,,,,,,-1.545421,,,,,,,,,1.270281,,,,,,,,,0.000000,,,,,,,,,0.261321,,,,,,,,,1.056913,,,,,
0.436364,,,,,0.657325,,,,,,,,,1.193003,,,,,,,,,-1.331253,,,,,,,,,1.445610,,,,,,,,,-1.449202,,,,,,,,,1.225249,,,,,,,,,0.000000,,,,,,,,,-0.011983,,,,,,,,,1.211410,,,,,
0.454545,,,,,1.065794,,,,,,,,,1.247259,,,,,,,,,-1.650063,,,,,,,,,1.213019,,,,,,,,,-1.283958,,,,,,,,,1.054436,,,,,,,,,0.000000,,,,,,,,,-0.277956,,,,,,,,,1.350404,,,,,
0.472727,,,,,1.386866,,,,,,,,,1.250382,,,,,,,,,-1.884162,,,,,,,,,0.818625,,,,,,,,,-0.947193,,,,,,,,,0.762502,,,,,,,,,0.000000,,,,,,,,,-0.536551,,,,,,,,,1.466601,,,,,
0.490909,,,,,1.619368,,,,,,,,,1.226595,,,,,,,,,-2.029336,,,,,,,,,0.323105,,,,,,,,,-0.692005,,,,,,,,,0.383609,,,,,,,,,0.000000,,,,,,,,,-0.790859,,,,,,,,,1.545306,,,,,
0.509091,,,,,1.688456,,,,,,,,,1.222887,,,,,,,,,-2.074735,,,,,,,,,-0.209494,,,,,,,,,-0.139796,,,,,,,,,0.012480,,,,,,,,,0.000000,,,,,,,,,-1.026250,,,,,,,,,1.637760,,,,,
0.527273,,,,,1.603544,,,,,,,,,1.200829,,,,,,,,,-1.960814,,,,,,,,,-0.762319,,,,,,,,,0.242986,,,,,,,,,-0.353990,,,,,,,,,0.000000,,,,,,,,,-1.022676,,,,,,,,,1.584329,,,,,
0.545455,,,,,1.415931,,,,,,,,,1.172769,,,,,,,,,-1.815647,,,,,,,,,-1.139858,,,,,,,,,0.744995,,,,,,,,,-0.669217,,,,,,,,,0.000000,,,,,,,,,-0.773326,,,,,,,,,1.509925,,,,,
0.563636,,,,,1.131078,,,,,,,,,1.086231,,,,,,,,,-1.597022,,,,,,,,,-1.355595,,,,,,,,,1.322306,,,,,,,,,-0.968915,,,,,,,,,0.000000,,,,,,,,,-0.517073,,,,,,,,,1.403618,,,,,
0.581818,,,,,0.734037,,,,,,,,,0.988570,,,,,,,,,-1.253445,,,,,,,,,-1.473576,,,,,,,,,1.738555,,,,,,,,,-1.192524,,,,,,,,,0.000000,,,,,,,,,-0.252144,,,,,,,,,1.264863,,,,,
0.600000,,,,,0.245498,,,,,,,,,0.901001,,,,,,,,,-0.955626,,,,,,,,,-1.500543,,,,,,,,,1.882882,,,,,,,,,-1.265508,,,,,,,,,0.000000,,,,,,,,,0.022103,,,,,,,,,1.092244,,,,,
0.616667,,,,,-0.266343,,,,,,,,,0.781441,,,,,,,,,-0.697519,,,,,,,,,-1.412900,,,,,,,,,1.941450,,,,,,,,,-1.234451,,,,,,,,,0.000000,,,,,,,,,0.305120,,,,,,,,,0.863767,,,,,
0.633333,,,,,-0.713740,,,,,,,,,0.653327,,,,,,,,,-0.418475,,,,,,,,,-1.247727,,,,,,,,,1.847323,,,,,,,,,-1.138175,,,,,,,,,0.000000,,,,,,,,,0.587094,,,,,,,,,0.623198,,,,,
0.650000,,,,,-1.106531,,,,,,,,,0.521519,,,,,,,,,-0.203666,,,,,,,,,-0.984798,,,,,,,,,1.667437,,,,,,,,,-0.968915,,,,,,,,,0.000000,,,,,,,,,0.861197,,,,,,,,,0.325406,,,,,
0.666667,,,,,-1.471777,,,,,,,,,0.363722,,,,,,,,,-0.013045,,,,,,,,,-0.661193,,,,,,,,,1.259555,,,,,,,,,-0.757729,,,,,,,,,0.000000,,,,,,,,,0.895539,,,,,,,,,0.106910,,,,,
0.683333,,,,,-1.757811,,,,,,,,,0.241643,,,,,,,,,0.129730,,,,,,,,,-0.263428,,,,,,,,,0.663419,,,,,,,,,-0.388153,,,,,,,,,0.000000,,,,,,,,,0.918736,,,,,,,,,-0.058923,,,,,
0.700000,,,,,-1.863530,,,,,,,,,0.221933,,,,,,,,,0.162443,,,,,,,,,0.080402,,,,,,,,,-0.039394,,,,,,,,,0.066830,,,,,,,,,0.000000,,,,,,,,,0.928739,,,,,,,,,-0.124715,,,,,
0.716667,,,,,-1.806410,,,,,,,,,0.264367,,,,,,,,,0.068818,,,,,,,,,0.208495,,,,,,,,,-0.750573,,,,,,,,,0.396032,,,,,,,,,0.000000,,,,,,,,,0.926112,,,,,,,,,-0.106865,,,,,
0.733333,,,,,-1.578540,,,,,,,,,0.322182,,,,,,,,,0.006442,,,,,,,,,0.211866,,,,,,,,,-1.064329,,,,,,,,,0.656909,,,,,,,,,0.000000,,,,,,,,,0.907116,,,,,,,,,-0.001574,,,,,
0.750000,,,,,-1.288960,,,,,,,,,0.405065,,,,,,,,,-0.043867,,,,,,,,,0.080402,,,,,,,,,-1.237940,,,,,,,,,0.908469,,,,,,,,,0.000000,,,,,,,,,0.879878,,,,,,,,,0.100438,,,,,
0.766667,,,,,-0.994001,,,,,,,,,0.442147,,,,,,,,,-0.102390,,,,,,,,,-0.253316,,,,,,,,,-1.367626,,,,,,,,,1.181769,,,,,,,,,0.000000,,,,,,,,,0.852297,,,,,,,,,0.153872,,,,,
0.783333,,,,,-0.598418,,,,,,,,,0.366437,,,,,,,,,-0.044640,,,,,,,,,-0.674676,,,,,,,,,-1.455477,,,,,,,,,1.382086,,,,,,,,,0.000000,,,,,,,,,0.821025,,,,,,,,,0.134531,,,,,
0.800000,,,,,-0.155081,,,,,,,,,0.243354,,,,,,,,,0.036764,,,,,,,,,-1.025248,,,,,,,,,-1.200290,,,,,,,,,1.528053,,,,,,,,,0.000000,,,,,,,,,0.811013,,,,,,,,,0.005296,,,,,
0.820000,,,,,0.232245,,,,,,,,,0.051818,,,,,,,,,0.175312,,,,,,,,,-1.298290,,,,,,,,,-0.790316,,,,,,,,,1.498549,,,,,,,,,0.000000,,,,,,,,,0.858886,,,,,,,,,-0.197051,,,,,
0.840000,,,,,0.540725,,,,,,,,,-0.210625,,,,,,,,,0.320588,,,,,,,,,-1.578073,,,,,,,,,-0.541403,,,,,,,,,1.377427,,,,,,,,,0.000000,,,,,,,,,0.926465,,,,,,,,,-0.424350,,,,,
0.860000,,,,,0.743675,,,,,,,,,-0.537466,,,,,,,,,0.526266,,,,,,,,,-1.692683,,,,,,,,,-0.169079,,,,,,,,,1.259411,,,,,,,,,0.000000,,,,,,,,,0.543492,,,,,,,,,-0.667159,,,,,
0.880000,,,,,0.849212,,,,,,,,,-0.873439,,,,,,,,,0.745961,,,,,,,,,-1.645491,,,,,,,,,0.090292,,,,,,,,,1.057542,,,,,,,,,0.000000,,,,,,,,,0.166441,,,,,,,,,-0.956772,,,,,
0.900000,,,,,0.895928,,,,,,,,,-1.193002,,,,,,,,,0.965019,,,,,,,,,-1.463463,,,,,,,,,0.171868,,,,,,,,,0.826169,,,,,,,,,0.000000,,,,,,,,,-0.213774,,,,,,,,,-1.227722,,,,,
0.920000,,,,,0.904214,,,,,,,,,-1.449366,,,,,,,,,1.164052,,,,,,,,,-1.048844,,,,,,,,,0.318288,,,,,,,,,0.576161,,,,,,,,,0.000000,,,,,,,,,-0.599285,,,,,,,,,-1.441999,,,,,
0.940000,,,,,0.821999,,,,,,,,,-1.593201,,,,,,,,,1.240377,,,,,,,,,-0.634226,,,,,,,,,0.385222,,,,,,,,,0.340130,,,,,,,,,0.000000,,,,,,,,,-0.988661,,,,,,,,,-1.570718,,,,,
0.960000,,,,,0.704005,,,,,,,,,-1.673886,,,,,,,,,1.259082,,,,,,,,,-0.317362,,,,,,,,,0.330838,,,,,,,,,0.177081,,,,,,,,,0.000000,,,,,,,,,-1.390370,,,,,,,,,-1.599104,,,,,
0.980000,,,,,0.607392,,,,,,,,,-1.714165,,,,,,,,,1.266723,,,,,,,,,-0.169044,,,,,,,,,0.146768,,,,,,,,,0.090122,,,,,,,,,0.000000,,,,,,,,,-1.840380,,,,,,,,,-1.562270,,,,,
1.000000,,,,,0.549828,,,,,,,,,-1.735481,,,,,,,,,1.276690,,,,,,,,,0.026468,,,,,,,,,0.111209,,,,,,,,,0.028009,,,,,,,,,0.000000,,,,,,,,,-2.307502,,,,,,,,,-1.549775,,,,,
0.000000,,,,,,0.431048,,,,,,,,,-1.693004,,,,,,,,,1.262975,,,,,,,,,0.057982,,,,,,,,,-0.110702,,,,,,,,,-0.007868,,,,,,,,,0.000000,,,,,,,,,-2.339272,,,,,,,,,-1.518042,,,,
0.025000,,,,,,0.515066,,,,,,,,,-1.679254,,,,,,,,,1.288861,,,,,,,,,0.112785,,,,,,,,,-0.204323,,,,,,,,,-0.104108,,,,,,,,,0.000000,,,,,,,,,-2.349859,,,,,,,,,-1.531943,,,,
0.050000,,,,,,0.610522,,,,,,,,,-1.653090,,,,,,,,,1.285100,,,,,,,,,0.245467,,,,,,,,,-0.286242,,,,,,,,,-0.306643,,,,,,,,,0.000000,,,,,,,,,-1.885368,,,,,,,,,-1.549826,,,,
0.075000,,,,,,0.667812,,,,,,,,,-1.596969,,,,,,,,,1.291696,,,,,,,,,0.427182,,,,,,,,,-0.412630,,,,,,,,,-0.566634,,,,,,,,,0.000000,,,,,,,,,-1.461919,,,,,,,,,-1.530582,,,,
0.100000,,,,,,0.715029,,,,,,,,,-1.466212,,,,,,,,,1.292737,,,,,,,,,0.727157,,,,,,,,,-0.400928,,,,,,,,,-0.876900,,,,,,,,,0.000000,,,,,,,,,-1.064445,,,,,,,,,-1.433132,,,,
0.125000,,,,,,0.697573,,,,,,,,,-1.270502,,,,,,,,,1.198660,,,,,,,,,1.177120,,,,,,,,,-0.290923,,,,,,,,,-1.145510,,,,,,,,,0.000000,,,,,,,,,-0.662164,,,,,,,,,-1.269073,,,,
0.150000,,,,,,0.650142,,,,,,,,,-0.985854,,,,,,,,,1.039812,,,,,,,,,1.540551,,,,,,,,,-0.183258,,,,,,,,,-1.379646,,,,,,,,,0.000000,,,,,,,,,-0.262186,,,,,,,,,-1.020956,,,,
0.175000,,,,,,0.522268,,,,,,,,,-0.673337,,,,,,,,,0.830608,,,,,,,,,1.679001,,,,,,,,,0.165481,,,,,,,,,-1.547706,,,,,,,,,0.000000,,,,,,,,,0.138376,,,,,,,,,-0.727450,,,,
0.200000,,,,,,0.261874,,,,,,,,,-0.391700,,,,,,,,,0.604316,,,,,,,,,1.713613,,,,,,,,,0.958920,,,,,,,,,-1.592235,,,,,,,,,0.000000,,,,,,,,,0.537898,,,,,,,,,-0.457643,,,,
0.218182,,,,,,-0.169655,,,,,,,,,-0.133235,,,,,,,,,0.343611,,,,,,,,,1.676116,,,,,,,,,1.534691,,,,,,,,,-1.536215,,,,,,,,,0.000000,,,,,,,,,0.962227,,,,,,,,,-0.217721,,,,
0.236364,,,,,,-0.598381,,,,,,,,,0.117709,,,,,,,,,0.179980,,,,,,,,,1.557857,,,,,,,,,1.476177,,,,,,,,,-1.329371,,,,,,,,,0.000000,,,,,,,,,0.915415,,,,,,,,,0.008787,,,,
0.254545,,,,,,-0.982694,,,,,,,,,0.364175,,,,,,,,,-0.001635,,,,,,,,,1.355951,,,,,,,,,1.429367,,,,,,,,,-1.042088,,,,,,,,,0.000000,,,,,,,,,0.903875,,,,,,,,,0.202948,,,,
0.272727,,,,,,-1.346258,,,,,,,,,0.520830,,,,,,,,,-0.180361,,,,,,,,,1.001173,,,,,,,,,1.319362,,,,,,,,,-0.675802,,,,,,,,,0.000000,,,,,,,,,0.914008,,,,,,,,,0.310802,,,,
0.290909,,,,,,-1.596800,,,,,,,,,0.616007,,,,,,,,,-0.226510,,,,,,,,,0.623320,,,,,,,,,1.059563,,,,,,,,,-0.289406,,,,,,,,,0.000000,,,,,,,,,0.921148,,,,,,,,,0.349240,,,,
0.309091,,,,,,-1.791738,,,,,,,,,0.650724,,,,,,,,,-0.248550,,,,,,,,,0.406992,,,,,,,,,0.764656,,,,,,,,,0.132900,,,,,,,,,0.000000,,,,,,,,,0.923904,,,,,,,,,0.336390,,,,
0.327273,,,,,,-1.828340,,,,,,,,,0.689730,,,,,,,,,-0.267587,,,,,,,,,0.461795,,,,,,,,,0.207610,,,,,,,,,0.550897,,,,,,,,,0.000000,,,,,,,,,0.923814,,,,,,,,,0.313793,,,,
0.345455,,,,,,-1.673094,,,,,,,,,0.764669,,,,,,,,,-0.320176,,,,,,,,,0.617551,,,,,,,,,-0.915844,,,,,,,,,0.887019,,,,,,,,,0.000000,,,,,,,,,0.914506,,,,,,,,,0.356600,,,,
0.363636,,,,,,-1.258614,,,,,,,,,0.840029,,,,,,,,,-0.421249,,,,,,,,,0.781960,,,,,,,,,-1.688219,,,,,,,,,1.155629,,,,,,,,,0.000000,,,,,,,,,0.889527,,,,,,,,,0.506632,,,,
0.381818,,,,,,-0.797562,,,,,,,,,0.909462,,,,,,,,,-0.619835,,,,,,,,,0.888682,,,,,,,,,-1.650770,,,,,,,,,1.299270,,,,,,,,,0.000000,,,,,,,,,0.855063,,,,,,,,,0.693033,,,,
0.400000,,,,,,-0.354798,,,,,,,,,0.958499,,,,,,,,,-0.843159,,,,,,,,,0.934832,,,,,,,,,-1.533744,,,,,,,,,1.358163,,,,,,,,,0.000000,,,,,,,,,0.602595,,,,,,,,,0.891803,,,,
0.418182,,,,,,0.191406,,,,,,,,,1.061981,,,,,,,,,-1.036297,,,,,,,,,0.969445,,,,,,,,,-1.419058,,,,,,,,,1.325126,,,,,,,,,0.000000,,,,,,,,,0.318980,,,,,,,,,1.055513,,,,
0.436364,,,,,,0.646496,,,,,,,,,1.136815,,,,,,,,,-1.274231,,,,,,,,,0.911757,,,,,,,,,-1.283307,,,,,,,,,1.208776,,,,,,,,,0.000000,,,,,,,,,0.041193,,,,,,,,,1.200996,,,,
0.454545,,,,,,1.068644,,,,,,,,,1.169257,,,,,,,,,-1.490557,,,,,,,,,0.807920,,,,,,,,,-1.084362,,,,,,,,,1.032097,,,,,,,,,0.000000,,,,,,,,,-0.230548,,,,,,,,,1.308617,,,,
0.472727,,,,,,1.442575,,,,,,,,,1.168646,,,,,,,,,-1.665595,,,,,,,,,0.597360,,,,,,,,,-0.876055,,,,,,,,,0.747686,,,,,,,,,0.000000,,,,,,,,,-0.499729,,,,,,,,,1.398790,,,,
0.490909,,,,,,1.724612,,,,,,,,,1.154862,,,,,,,,,-1.811238,,,,,,,,,0.251235,,,,,,,,,-0.396246,,,,,,,,,0.356981,,,,,,,,,0.000000,,,,,,,,,-0.763603,,,,,,,,,1.446154,,,,
0.509091,,,,,,1.794977,,,,,,,,,1.157589,,,,,,,,,-1.830098,,,,,,,,,-0.207380,,,,,,,,,0.165481,,,,,,,,,-0.065325,,,,,,,,,0.000000,,,,,,,,,-0.985966,,,,,,,,,1.481769,,,,
0.527273,,,,,,1.664543,,,,,,,,,1.162309,,,,,,,,,-1.752507,,,,,,,,,-0.645805,,,,,,,,,0.502517,,,,,,,,,-0.428738,,,,,,,,,0.000000,,,,,,,,,-0.980018,,,,,,,,,1.445022,,,,
0.545455,,,,,,1.487345,,,,,,,,,1.108386,,,,,,,,,-1.619440,,,,,,,,,-0.942896,,,,,,,,,0.788062,,,,,,,,,-0.760550,,,,,,,,,0.000000,,,,,,,,,-0.751129,,,,,,,,,1.354384,,,,
0.563636,,,,,,1.117056,,,,,,,,,1.013463,,,,,,,,,-1.438639,,,,,,,,,-1.196720,,,,,,,,,1.001050,,,,,,,,,-1.034906,,,,,,,,,0.000000,,,,,,,,,-0.485382,,,,,,,,,1.258864,,,,
0.581818,,,,,,0.645048,,,,,,,,,0.900220,,,,,,,,,-1.227809,,,,,,,,,-1.372667,,,,,,,,,1.422345,,,,,,,,,-1.233131,,,,,,,,,0.000000,,,,,,,,,-0.218085,,,,,,,,,1.141502,,,,
0.600000,,,,,,0.229998,,,,,,,,,0.803930,,,,,,,,,-0.974160,,,,,,,,,-1.490927,,,,,,,,,1.600225,,,,,,,,,-1.325062,,,,,,,,,0.000000,,,,,,,,,0.054674,,,,,,,,,0.996956,,,,
0.618182,,,,,,-0.236706,,,,,,,,,0.697554,,,,,,,,,-0.690880,,,,,,,,,-1.381320,,,,,,,,,1.742998,,,,,,,,,-1.287715,,,,,,,,,0.000000,,,,,,,,,0.332950,,,,,,,,,0.803271,,,,
0.636364,,,,,,-0.678169,,,,,,,,,0.590743,,,,,,,,,-0.411408,,,,,,,,,-1.260177,,,,,,,,,1.562777,,,,,,,,,-1.184293,,,,,,,,,0.000000,,,,,,,,,0.610906,,,,,,,,,0.622302,,,,
0.654545,,,,,,-1.071554,,,,,,,,,0.421293,,,,,,,,,-0.158157,,,,,,,,,-1.015005,,,,,,,,,1.253827,,,,,,,,,-0.983195,,,,,,,,,0.000000,,,,,,,,,0.855077,,,,,,,,,0.384922,,,,
0.672727,,,,,,-1.295485,,,,,,,,,0.270537,,,,,,,,,-0.012431,,,,,,,,,-0.631383,,,,,,,,,0.766997,,,,,,,,,-0.694475,,,,,,,,,0.000000,,,,,,,,,0.872856,,,,,,,,,0.222218,,,,
0.690909,,,,,,-1.400610,,,,,,,,,0.240407,,,,,,,,,0.063112,,,,,,,,,-0.299680,,,,,,,,,0.202929,,,,,,,,,-0.339680,,,,,,,,,0.000000,,,,,,,,,0.882582,,,,,,,,,0.141461,,,,
0.709091,,,,,,-1.359867,,,,,,,,,0.259512,,,,,,,,,0.063409,,,,,,,,,-0.146808,,,,,,,,,-0.377522,,,,,,,,,0.051025,,,,,,,,,0.000000,,,,,,,,,0.885869,,,,,,,,,0.132855,,,,
0.727273,,,,,,-1.146916,,,,,,,,,0.292068,,,,,,,,,0.073534,,,,,,,,,-0.276605,,,,,,,,,-0.915844,,,,,,,,,0.480513,,,,,,,,,0.000000,,,,,,,,,0.886047,,,,,,,,,0.161895,,,,
0.745455,,,,,,-0.902794,,,,,,,,,0.253641,,,,,,,,,0.120598,,,,,,,,,-0.530430,,,,,,,,,-1.334799,,,,,,,,,0.839617,,,,,,,,,0.000000,,,,,,,,,0.879754,,,,,,,,,0.168882,,,,
0.763636,,,,,,-0.591186,,,,,,,,,0.154543,,,,,,,,,0.179024,,,,,,,,,-0.934242,,,,,,,,,-1.372247,,,,,,,,,1.129773,,,,,,,,,0.000000,,,,,,,,,0.871405,,,,,,,,,0.130181,,,,
0.781818,,,,,,-0.256639,,,,,,,,,-0.001528,,,,,,,,,0.309202,,,,,,,,,-1.188067,,,,,,,,,-1.302031,,,,,,,,,1.385455,,,,,,,,,0.000000,,,,,,,,,0.882367,,,,,,,,,-0.019424,,,,
0.800000,,,,,,0.067884,,,,,,,,,-0.163877,,,,,,,,,0.430811,,,,,,,,,-1.340939,,,,,,,,,-1.156919,,,,,,,,,1.498932,,,,,,,,,0.000000,,,,,,,,,0.925343,,,,,,,,,-0.203440,,,,
0.822222,,,,,,0.332500,,,,,,,,,-0.357180,,,,,,,,,0.589832,,,,,,,,,-1.444777,,,,,,,,,-0.836266,,,,,,,,,1.460149,,,,,,,,,0.000000,,,,,,,,,0.985128,,,,,,,,,-0.410254,,,,
0.844444,,,,,,0.504860,,,,,,,,,-0.630288,,,,,,,,,0.786846,,,,,,,,,-1.531308,,,,,,,,,-0.452419,,,,,,,,,1.378273,,,,,,,,,0.000000,,,,,,,,,0.567365,,,,,,,,,-0.658202,,,,
0.866667,,,,,,0.597089,,,,,,,,,-1.023279,,,,,,,,,1.017000,,,,,,,,,-1.309852,,,,,,,,,-0.081835,,,,,,,,,1.132965,,,,,,,,,0.000000,,,,,,,,,-0.132809,,,,,,,,,-0.994409,,,,
0.888889,,,,,,0.652879,,,,,,,,,-1.284075,,,,,,,,,1.154522,,,,,,,,,-1.045772,,,,,,,,,0.042993,,,,,,,,,0.919737,,,,,,,,,0.000000,,,,,,,,,-0.491626,,,,,,,,,-1.228979,,,,
0.911111,,,,,,0.635124,,,,,,,,,-1.479734,,,,,,,,,1.239570,,,,,,,,,-0.732977,,,,,,,,,0.246879,,,,,,,,,0.670758,,,,,,,,,0.000000,,,,,,,,,-0.849826,,,,,,,,,-1.411581,,,,
0.933333,,,,,,0.570730,,,,,,,,,-1.607017,,,,,,,,,1.291925,,,,,,,,,-0.427874,,,,,,,,,0.163660,,,,,,,,,0.415396,,,,,,,,,0.000000,,,,,,,,,-1.218371,,,,,,,,,-1.531195,,,,
0.977778,,,,,,0.477131,,,,,,,,,-1.671806,,,,,,,,,1.294350,,,,,,,,,-0.161230,,,,,,,,,0.147016,,,,,,,,,0.211105,,,,,,,,,0.000000,,,,,,,,,-1.604334,,,,,,,,,-1.560908,,,,
1.000000,,,,,,0.415629,,,,,,,,,-1.687650,,,,,,,,,1.290415,,,,,,,,,-0.009961,,,,,,,,,0.040912,,,,,,,,,0.108960,,,,,,,,,0.000000,,,,,,,,,-2.018214,,,,,,,,,-1.551825,,,,
0.000000,,,,,,,0.250882,,,,,,,,,-1.580081,,,,,,,,,1.311045,,,,,,,,,0.011047,,,,,,,,,-0.144243,,,,,,,,,-0.024567,,,,,,,,,0.000000,,,,,,,,,-2.257018,,,,,,,,,-1.578070,,,
0.022222,,,,,,,0.312848,,,,,,,,,-1.593420,,,,,,,,,1.323880,,,,,,,,,0.041879,,,,,,,,,-0.181991,,,,,,,,,-0.092980,,,,,,,,,0.000000,,,,,,,,,-2.244578,,,,,,,,,-1.572561,,,
0.044444,,,,,,,0.420203,,,,,,,,,-1.582038,,,,,,,,,1.344298,,,,,,,,,0.114756,,,,,,,,,-0.241944,,,,,,,,,-0.286147,,,,,,,,,0.000000,,,,,,,,,-2.263847,,,,,,,,,-1.588966,,,
0.066667,,,,,,,0.494714,,,,,,,,,-1.522727,,,,,,,,,1.367304,,,,,,,,,0.319370,,,,,,,,,-0.219739,,,,,,,,,-0.543703,,,,,,,,,0.000000,,,,,,,,,-1.832174,,,,,,,,,-1.579470,,,
0.088889,,,,,,,0.523827,,,,,,,,,-1.394325,,,,,,,,,1.360168,,,,,,,,,0.664131,,,,,,,,,-0.221960,,,,,,,,,-0.806624,,,,,,,,,0.000000,,,,,,,,,-1.427986,,,,,,,,,-1.502675,,,
0.111111,,,,,,,0.481285,,,,,,,,,-1.230423,,,,,,,,,1.292186,,,,,,,,,1.126616,,,,,,,,,-0.144243,,,,,,,,,-1.078936,,,,,,,,,0.000000,,,,,,,,,-1.037672,,,,,,,,,-1.333952,,,
0.133333,,,,,,,0.393172,,,,,,,,,-0.961956,,,,,,,,,1.119227,,,,,,,,,1.594707,,,,,,,,,-0.035440,,,,,,,,,-1.347223,,,,,,,,,0.000000,,,,,,,,,-0.650043,,,,,,,,,-1.081697,,,
0.155556,,,,,,,0.266686,,,,,,,,,-0.673291,,,,,,,,,0.914731,,,,,,,,,1.779701,,,,,,,,,0.151079,,,,,,,,,-1.478684,,,,,,,,,0.000000,,,,,,,,,-0.261050,,,,,,,,,-0.801255,,,
0.177778,,,,,,,0.153528,,,,,,,,,-0.377051,,,,,,,,,0.707965,,,,,,,,,1.704021,,,,,,,,,0.284307,,,,,,,,,-1.587341,,,,,,,,,0.000000,,,,,,,,,0.129256,,,,,,,,,-0.498493,,,
0.200000,,,,,,,-0.113115,,,,,,,,,-0.120626,,,,,,,,,0.515976,,,,,,,,,1.667583,,,,,,,,,0.841644,,,,,,,,,-1.590023,,,,,,,,,0.000000,,,,,,,,,0.510038,,,,,,,,,-0.222392,,,
0.218182,,,,,,,-0.482303,,,,,,,,,0.121226,,,,,,,,,0.306129,,,,,,,,,1.611524,,,,,,,,,1.487801,,,,,,,,,-1.450514,,,,,,,,,0.000000,,,,,,,,,0.929135,,,,,,,,,0.005869,,,
0.236364,,,,,,,-0.928005,,,,,,,,,0.308775,,,,,,,,,0.133542,,,,,,,,,1.404107,,,,,,,,,1.656556,,,,,,,,,-1.225153,,,,,,,,,0.000000,,,,,,,,,0.910885,,,,,,,,,0.196560,,,
0.254545,,,,,,,-1.279517,,,,,,,,,0.468222,,,,,,,,,-0.009649,,,,,,,,,1.081769,,,,,,,,,1.589942,,,,,,,,,-0.905891,,,,,,,,,0.000000,,,,,,,,,0.918935,,,,,,,,,0.316731,,,
0.272727,,,,,,,-1.564376,,,,,,,,,0.569997,,,,,,,,,-0.077107,,,,,,,,,0.652920,,,,,,,,,1.416746,,,,,,,,,-0.543703,,,,,,,,,0.000000,,,,,,,,,0.929907,,,,,,,,,0.346504,,,
0.290909,,,,,,,-1.776971,,,,,,,,,0.590344,,,,,,,,,-0.067935,,,,,,,,,0.327779,,,,,,,,,1.199140,,,,,,,,,-0.087614,,,,,,,,,0.000000,,,,,,,,,0.937858,,,,,,,,,0.312940,,,
0.309091,,,,,,,-1.865551,,,,,,,,,0.633053,,,,,,,,,-0.073673,,,,,,,,,0.338991,,,,,,,,,0.821660,,,,,,,,,0.305427,,,,,,,,,0.000000,,,,,,,,,0.940342,,,,,,,,,0.285167,,,
0.327273,,,,,,,-1.879039,,,,,,,,,0.690828,,,,,,,,,-0.164022,,,,,,,,,0.591255,,,,,,,,,0.448622,,,,,,,,,0.707858,,,,,,,,,0.000000,,,,,,,,,0.936114,,,,,,,,,0.301370,,,
0.345455,,,,,,,-1.663757,,,,,,,,,0.804634,,,,,,,,,-0.309588,,,,,,,,,0.765037,,,,,,,,,-0.332983,,,,,,,,,1.028461,,,,,,,,,0.000000,,,,,,,,,0.926530,,,,,,,,,0.369105,,,
0.363636,,,,,,,-1.312025,,,,,,,,,0.908880,,,,,,,,,-0.487537,,,,,,,,,0.868746,,,,,,,,,-1.056856,,,,,,,,,1.268578,,,,,,,,,0.000000,,,,,,,,,0.903790,,,,,,,,,0.540821,,,
0.381818,,,,,,,-0.790384,,,,,,,,,1.015439,,,,,,,,,-0.718749,,,,,,,,,0.966849,,,,,,,,,-1.327753,,,,,,,,,1.430892,,,,,,,,,0.000000,,,,,,,,,0.625656,,,,,,,,,0.749585,,,
0.400000,,,,,,,-0.266440,,,,,,,,,1.065481,,,,,,,,,-0.984314,,,,,,,,,0.997681,,,,,,,,,-1.369942,,,,,,,,,1.456380,,,,,,,,,0.000000,,,,,,,,,0.341777,,,,,,,,,0.928944,,,
0.420000,,,,,,,0.298337,,,,,,,,,1.133623,,,,,,,,,-1.273525,,,,,,,,,0.961243,,,,,,,,,-1.316650,,,,,,,,,1.396015,,,,,,,,,0.000000,,,,,,,,,0.060892,,,,,,,,,1.082032,,,
0.440000,,,,,,,0.803866,,,,,,,,,1.182241,,,,,,,,,-1.520276,,,,,,,,,0.795869,,,,,,,,,-1.205627,,,,,,,,,1.189434,,,,,,,,,0.000000,,,,,,,,,-0.214616,,,,,,,,,1.228354,,,
0.460000,,,,,,,1.225692,,,,,,,,,1.189519,,,,,,,,,-1.721963,,,,,,,,,0.540802,,,,,,,,,-1.019108,,,,,,,,,0.874196,,,,,,,,,0.000000,,,,,,,,,-0.484871,,,,,,,,,1.331916,,,
0.480000,,,,,,,1.515287,,,,,,,,,1.179412,,,,,,,,,-1.845168,,,,,,,,,0.221267,,,,,,,,,-0.692699,,,,,,,,,0.491886,,,,,,,,,0.000000,,,,,,,,,-0.746805,,,,,,,,,1.384143,,,
0.500000,,,,,,,1.657272,,,,,,,,,1.157853,,,,,,,,,-1.924040,,,,,,,,,-0.190765,,,,,,,,,-0.297456,,,,,,,,,0.081407,,,,,,,,,0.000000,,,,,,,,,-1.001931,,,,,,,,,1.429297,,,
0.520000,,,,,,,1.647327,,,,,,,,,1.126107,,,,,,,,,-1.907310,,,,,,,,,-0.670067,,,,,,,,,0.075583,,,,,,,,,-0.322366,,,,,,,,,0.000000,,,,,,,,,-1.001083,,,,,,,,,1.427126,,,
0.540000,,,,,,,1.455021,,,,,,,,,1.074746,,,,,,,,,-1.765922,,,,,,,,,-1.126946,,,,,,,,,0.421976,,,,,,,,,-0.716748,,,,,,,,,0.000000,,,,,,,,,-0.749125,,,,,,,,,1.347573,,,
0.560000,,,,,,,1.141675,,,,,,,,,1.015975,,,,,,,,,-1.524937,,,,,,,,,-1.468904,,,,,,,,,0.848306,,,,,,,,,-1.077595,,,,,,,,,0.000000,,,,,,,,,-0.485857,,,,,,,,,1.248777,,,
0.580000,,,,,,,0.676400,,,,,,,,,0.921035,,,,,,,,,-1.212001,,,,,,,,,-1.555795,,,,,,,,,0.974873,,,,,,,,,-1.319053,,,,,,,,,0.000000,,,,,,,,,-0.214960,,,,,,,,,1.094798,,,
0.600000,,,,,,,0.242919,,,,,,,,,0.848235,,,,,,,,,-0.904940,,,,,,,,,-1.496934,,,,,,,,,1.316825,,,,,,,,,-1.339175,,,,,,,,,0.000000,,,,,,,,,0.062229,,,,,,,,,0.893617,,,
0.616667,,,,,,,-0.249044,,,,,,,,,0.711996,,,,,,,,,-0.628113,,,,,,,,,-1.474510,,,,,,,,,1.307943,,,,,,,,,-1.328443,,,,,,,,,0.000000,,,,,,,,,0.343770,,,,,,,,,0.695701,,,
0.633333,,,,,,,-0.726140,,,,,,,,,0.561227,,,,,,,,,-0.351196,,,,,,,,,-1.331560,,,,,,,,,1.168053,,,,,,,,,-1.206373,,,,,,,,,0.000000,,,,,,,,,0.623456,,,,,,,,,0.479241,,,
0.650000,,,,,,,-1.143520,,,,,,,,,0.444893,,,,,,,,,-0.072541,,,,,,,,,-1.059675,,,,,,,,,0.877172,,,,,,,,,-0.972963,,,,,,,,,0.000000,,,,,,,,,0.896213,,,,,,,,,0.265834,,,
0.666667,,,,,,,-1.399190,,,,,,,,,0.373970,,,,,,,,,0.079478,,,,,,,,,-0.684082,,,,,,,,,-0.059866,,,,,,,,,-0.636262,,,,,,,,,0.000000,,,,,,,,,0.911285,,,,,,,,,0.095657,,,
0.683333,,,,,,,-1.321622,,,,,,,,,0.337515,,,,,,,,,0.176534,,,,,,,,,-0.249626,,,,,,,,,-1.085722,,,,,,,,,-0.232489,,,,,,,,,0.000000,,,,,,,,,0.913109,,,,,,,,,0.073102,,,
0.700000,,,,,,,-1.181759,,,,,,,,,0.330654,,,,,,,,,0.090803,,,,,,,,,0.081120,,,,,,,,,-1.623075,,,,,,,,,0.173966,,,,,,,,,0.000000,,,,,,,,,0.906566,,,,,,,,,0.162238,,,
0.716667,,,,,,,-0.909606,,,,,,,,,0.357465,,,,,,,,,-0.067113,,,,,,,,,0.103544,,,,,,,,,-1.600870,,,,,,,,,0.550910,,,,,,,,,0.000000,,,,,,,,,0.892911,,,,,,,,,0.341607,,,
0.733333,,,,,,,-0.608755,,,,,,,,,0.331831,,,,,,,,,-0.170445,,,,,,,,,-0.140312,,,,,,,,,-1.900634,,,,,,,,,0.788344,,,,,,,,,0.000000,,,,,,,,,0.872740,,,,,,,,,0.511329,,,
0.750000,,,,,,,-0.232070,,,,,,,,,0.289128,,,,,,,,,-0.193288,,,,,,,,,-0.445832,,,,,,,,,-1.838460,,,,,,,,,1.057973,,,,,,,,,0.000000,,,,,,,,,0.845004,,,,,,,,,0.609807,,,
0.766667,,,,,,,0.237690,,,,,,,,,0.205457,,,,,,,,,-0.107870,,,,,,,,,-0.799002,,,,,,,,,-1.625296,,,,,,,,,1.279310,,,,,,,,,0.000000,,,,,,,,,0.822939,,,,,,,,,0.580169,,,
0.783333,,,,,,,0.608930,,,,,,,,,0.021973,,,,,,,,,0.019283,,,,,,,,,-1.020434,,,,,,,,,-1.187863,,,,,,,,,1.335650,,,,,,,,,0.000000,,,,,,,,,0.832933,,,,,,,,,0.411181,,,
0.800000,,,,,,,0.866947,,,,,,,,,-0.226179,,,,,,,,,0.210202,,,,,,,,,-1.202625,,,,,,,,,-0.306338,,,,,,,,,1.339675,,,,,,,,,0.000000,,,,,,,,,0.887769,,,,,,,,,0.172950,,,
0.825000,,,,,,,0.913148,,,,,,,,,-0.517627,,,,,,,,,0.351881,,,,,,,,,-1.342772,,,,,,,,,0.539661,,,,,,,,,1.243091,,,,,,,,,0.000000,,,,,,,,,0.977147,,,,,,,,,-0.159092,,,
0.850000,,,,,,,0.922587,,,,,,,,,-0.813797,,,,,,,,,0.611829,,,,,,,,,-1.382013,,,,,,,,,0.781692,,,,,,,,,1.134435,,,,,,,,,0.000000,,,,,,,,,0.588174,,,,,,,,,-0.541801,,,
0.875000,,,,,,,0.905390,,,,,,,,,-1.104609,,,,,,,,,0.861460,,,,,,,,,-1.297925,,,,,,,,,0.688432,,,,,,,,,0.986877,,,,,,,,,0.000000,,,,,,,,,0.206123,,,,,,,,,-0.934749,,,
0.900000,,,,,,,0.858186,,,,,,,,,-1.374931,,,,,,,,,1.055448,,,,,,,,,-1.090508,,,,,,,,,0.668448,,,,,,,,,0.801758,,,,,,,,,0.000000,,,,,,,,,-0.169423,,,,,,,,,-1.276556,,,
0.925000,,,,,,,0.784463,,,,,,,,,-1.567570,,,,,,,,,1.207710,,,,,,,,,-0.751352,,,,,,,,,0.632920,,,,,,,,,0.587128,,,,,,,,,0.000000,,,,,,,,,-0.540522,,,,,,,,,-1.541786,,,
0.950000,,,,,,,0.621059,,,,,,,,,-1.714498,,,,,,,,,1.254790,,,,,,,,,-0.395379,,,,,,,,,0.490811,,,,,,,,,0.359084,,,,,,,,,0.000000,,,,,,,,,-0.919315,,,,,,,,,-1.666444,,,
0.975000,,,,,,,0.537400,,,,,,,,,-1.792479,,,,,,,,,1.237404,,,,,,,,,-0.165538,,,,,,,,,0.251000,,,,,,,,,0.231648,,,,,,,,,0.000000,,,,,,,,,-1.318925,,,,,,,,,-1.680998,,,
1.000000,,,,,,,0.476450,,,,,,,,,-1.824105,,,,,,,,,1.229950,,,,,,,,,0.008244,,,,,,,,,0.095567,,,,,,,,,0.100187,,,,,,,,,0.000000,,,,,,,,,-1.761681,,,,,,,,,-1.659089,,,
0.000000,,,,,,,,0.289106,,,,,,,,,-1.830948,,,,,,,,,1.246358,,,,,,,,,0.034676,,,,,,,,,-0.237836,,,,,,,,,-0.080757,,,,,,,,,0.000000,,,,,,,,,-2.244084,,,,,,,,,-1.729323,,
0.022222,,,,,,,,0.330014,,,,,,,,,-1.808256,,,,,,,,,1.257220,,,,,,,,,0.069547,,,,,,,,,-0.336547,,,,,,,,,-0.151283,,,,,,,,,0.000000,,,,,,,,,-2.266199,,,,,,,,,-1.738243,,
0.044444,,,,,,,,0.395468,,,,,,,,,-1.771745,,,,,,,,,1.241839,,,,,,,,,0.107100,,,,,,,,,-0.479509,,,,,,,,,-0.250020,,,,,,,,,0.000000,,,,,,,,,-1.807282,,,,,,,,,-1.746389,,
0.066667,,,,,,,,0.486436,,,,,,,,,-1.713718,,,,,,,,,1.222188,,,,,,,,,0.174159,,,,,,,,,-0.625874,,,,,,,,,-0.367565,,,,,,,,,0.000000,,,,,,,,,-1.379635,,,,,,,,,-1.749484,,
0.088889,,,,,,,,0.598352,,,,,,,,,-1.623967,,,,,,,,,1.191014,,,,,,,,,0.182206,,,,,,,,,-0.898182,,,,,,,,,-0.568174,,,,,,,,,0.000000,,,,,,,,,-0.967210,,,,,,,,,-1.719256,,
0.111111,,,,,,,,0.773133,,,,,,,,,-1.514191,,,,,,,,,1.124692,,,,,,,,,0.273407,,,,,,,,,-0.969662,,,,,,,,,-0.793859,,,,,,,,,0.000000,,,,,,,,,-0.586208,,,,,,,,,-1.566602,,
0.133333,,,,,,,,0.858019,,,,,,,,,-1.382768,,,,,,,,,1.046085,,,,,,,,,0.463855,,,,,,,,,-0.789259,,,,,,,,,-1.088503,,,,,,,,,0.000000,,,,,,,,,-0.198992,,,,,,,,,-1.364429,,
0.155556,,,,,,,,0.875883,,,,,,,,,-1.196994,,,,,,,,,0.937003,,,,,,,,,0.707951,,,,,,,,,-0.493124,,,,,,,,,-1.343967,,,,,,,,,0.000000,,,,,,,,,0.201826,,,,,,,,,-1.107347,,
0.177778,,,,,,,,0.766868,,,,,,,,,-0.926573,,,,,,,,,0.804983,,,,,,,,,1.000330,,,,,,,,,0.065106,,,,,,,,,-1.513230,,,,,,,,,0.000000,,,,,,,,,0.603850,,,,,,,,,-0.813792,,
0.200000,,,,,,,,0.562737,,,,,,,,,-0.635756,,,,,,,,,0.625733,,,,,,,,,1.166637,,,,,,,,,0.575683,,,,,,,,,-1.611968,,,,,,,,,0.000000,,,,,,,,,1.013747,,,,,,,,,-0.499150,,
0.215385,,,,,,,,0.340653,,,,,,,,,-0.379949,,,,,,,,,0.477349,,,,,,,,,1.169319,,,,,,,,,0.912663,,,,,,,,,-1.574354,,,,,,,,,0.000000,,,,,,,,,0.953562,,,,,,,,,-0.186448,,
0.230769,,,,,,,,0.042535,,,,,,,,,-0.161461,,,,,,,,,0.355703,,,,,,,,,1.145178,,,,,,,,,1.413028,,,,,,,,,-1.494423,,,,,,,,,0.000000,,,,,,,,,0.917042,,,,,,,,,0.109936,,
0.246154,,,,,,,,-0.341434,,,,,,,,,0.022756,,,,,,,,,0.249103,,,,,,,,,1.131766,,,,,,,,,1.858932,,,,,,,,,-1.273440,,,,,,,,,0.000000,,,,,,,,,0.902370,,,,,,,,,0.352717,,
0.261538,,,,,,,,-0.723070,,,,,,,,,0.211602,,,,,,,,,0.217424,,,,,,,,,1.016424,,,,,,,,,1.760220,,,,,,,,,-1.010141,,,,,,,,,0.000000,,,,,,,,,0.915953,,,,,,,,,0.467164,,
0.276923,,,,,,,,-1.074973,,,,,,,,,0.366149,,,,,,,,,0.190515,,,,,,,,,0.858164,,,,,,,,,1.528759,,,,,,,,,-0.659075,,,,,,,,,0.000000,,,,,,,,,0.930376,,,,,,,,,0.526308,,
0.292308,,,,,,,,-1.333996,,,,,,,,,0.477210,,,,,,,,,0.175116,,,,,,,,,0.785740,,,,,,,,,1.062432,,,,,,,,,-0.279798,,,,,,,,,0.000000,,,,,,,,,0.936011,,,,,,,,,0.545849,,
0.307692,,,,,,,,-1.449589,,,,,,,,,0.525823,,,,,,,,,0.138741,,,,,,,,,0.737457,,,,,,,,,0.289760,,,,,,,,,0.108882,,,,,,,,,0.000000,,,,,,,,,0.935552,,,,,,,,,0.581121,,
0.323077,,,,,,,,-1.408612,,,,,,,,,0.575350,,,,,,,,,0.083578,,,,,,,,,0.807199,,,,,,,,,-0.448874,,,,,,,,,0.510100,,,,,,,,,0.000000,,,,,,,,,0.930054,,,,,,,,,0.628895,,
0.338462,,,,,,,,-1.270398,,,,,,,,,0.648692,,,,,,,,,-0.031710,,,,,,,,,1.040565,,,,,,,,,-0.942432,,,,,,,,,0.807879,,,,,,,,,0.000000,,,,,,,,,0.916878,,,,,,,,,0.731819,,
0.353846,,,,,,,,-0.995432,,,,,,,,,0.743359,,,,,,,,,-0.246496,,,,,,,,,1.265884,,,,,,,,,-1.412162,,,,,,,,,1.069611,,,,,,,,,0.000000,,,,,,,,,0.662499,,,,,,,,,0.805074,,
0.369231,,,,,,,,-0.583814,,,,,,,,,0.819410,,,,,,,,,-0.488793,,,,,,,,,1.467062,,,,,,,,,-1.698085,,,,,,,,,1.238875,,,,,,,,,0.000000,,,,,,,,,0.402427,,,,,,,,,0.870940,,
0.384615,,,,,,,,-0.154545,,,,,,,,,0.854514,,,,,,,,,-0.803859,,,,,,,,,1.579722,,,,,,,,,-1.541508,,,,,,,,,1.320372,,,,,,,,,0.000000,,,,,,,,,0.138496,,,,,,,,,0.901283,,
0.400000,,,,,,,,0.369811,,,,,,,,,0.912033,,,,,,,,,-1.109254,,,,,,,,,1.622640,,,,,,,,,-1.660643,,,,,,,,,1.334478,,,,,,,,,0.000000,,,,,,,,,-0.126972,,,,,,,,,0.913892,,
0.418182,,,,,,,,0.854466,,,,,,,,,0.943119,,,,,,,,,-1.426333,,,,,,,,,1.480474,,,,,,,,,-1.456412,,,,,,,,,1.218500,,,,,,,,,0.000000,,,,,,,,,-0.387154,,,,,,,,,0.881096,,
0.436364,,,,,,,,1.276053,,,,,,,,,0.936159,,,,,,,,,-1.685424,,,,,,,,,1.209555,,,,,,,,,-1.156874,,,,,,,,,1.000652,,,,,,,,,0.000000,,,,,,,,,-0.646398,,,,,,,,,0.790106,,
0.454545,,,,,,,,1.619614,,,,,,,,,0.915772,,,,,,,,,-1.897386,,,,,,,,,0.842070,,,,,,,,,-0.833509,,,,,,,,,0.709142,,,,,,,,,0.000000,,,,,,,,,-0.900670,,,,,,,,,0.678671,,
0.472727,,,,,,,,1.832351,,,,,,,,,0.894883,,,,,,,,,-2.040147,,,,,,,,,0.364607,,,,,,,,,-0.418240,,,,,,,,,0.334567,,,,,,,,,0.000000,,,,,,,,,-1.148540,,,,,,,,,0.574817,,
0.490909,,,,,,,,1.873870,,,,,,,,,0.872490,,,,,,,,,-2.034674,,,,,,,,,-0.161137,,,,,,,,,-0.074451,,,,,,,,,-0.044710,,,,,,,,,0.000000,,,,,,,,,-1.153296,,,,,,,,,0.549108,,
0.509091,,,,,,,,1.784337,,,,,,,,,0.887770,,,,,,,,,-1.949330,,,,,,,,,-0.638600,,,,,,,,,0.289760,,,,,,,,,-0.408313,,,,,,,,,0.000000,,,,,,,,,-1.149828,,,,,,,,,0.611011,,
0.527273,,,,,,,,1.520917,,,,,,,,,0.912838,,,,,,,,,-1.804017,,,,,,,,,-0.952437,,,,,,,,,0.667587,,,,,,,,,-0.731169,,,,,,,,,0.000000,,,,,,,,,-0.900142,,,,,,,,,0.710493,,
0.545455,,,,,,,,1.154392,,,,,,,,,0.905287,,,,,,,,,-1.603126,,,,,,,,,-1.263592,,,,,,,,,1.024990,,,,,,,,,-0.996035,,,,,,,,,0.000000,,,,,,,,,-0.645050,,,,,,,,,0.796214,,
0.563636,,,,,,,,0.714791,,,,,,,,,0.886963,,,,,,,,,-1.347858,,,,,,,,,-1.462088,,,,,,,,,1.344952,,,,,,,,,-1.162165,,,,,,,,,0.000000,,,,,,,,,-0.389369,,,,,,,,,0.878053,,
0.581818,,,,,,,,0.276208,,,,,,,,,0.883524,,,,,,,,,-1.065276,,,,,,,,,-1.513053,,,,,,,,,1.419836,,,,,,,,,-1.240528,,,,,,,,,0.000000,,,,,,,,,-0.128006,,,,,,,,,0.938750,,
0.600000,,,,,,,,-0.202283,,,,,,,,,0.871810,,,,,,,,,-0.790538,,,,,,,,,-1.437946,,,,,,,,,1.654701,,,,,,,,,-1.259335,,,,,,,,,0.000000,,,,,,,,,0.134168,,,,,,,,,0.973679,,
0.615385,,,,,,,,-0.693455,,,,,,,,,0.872366,,,,,,,,,-0.491802,,,,,,,,,-1.145568,,,,,,,,,1.525355,,,,,,,,,-1.174703,,,,,,,,,0.000000,,,,,,,,,0.397636,,,,,,,,,0.944099,,
0.630769,,,,,,,,-1.047035,,,,,,,,,0.842790,,,,,,,,,-0.310536,,,,,,,,,-0.898790,,,,,,,,,1.181567,,,,,,,,,-1.002304,,,,,,,,,0.000000,,,,,,,,,0.659839,,,,,,,,,0.880803,,
0.646154,,,,,,,,-1.352058,,,,,,,,,0.762977,,,,,,,,,-0.133106,,,,,,,,,-0.643964,,,,,,,,,0.871817,,,,,,,,,-0.826771,,,,,,,,,0.000000,,,,,,,,,0.917574,,,,,,,,,0.763587,,
0.661538,,,,,,,,-1.589552,,,,,,,,,0.679082,,,,,,,,,0.017132,,,,,,,,,-0.351586,,,,,,,,,0.170625,,,,,,,,,-0.561905,,,,,,,,,0.000000,,,,,,,,,0.932668,,,,,,,,,0.643356,,
0.676923,,,,,,,,-1.707549,,,,,,,,,0.646902,,,,,,,,,0.064065,,,,,,,,,-0.021654,,,,,,,,,-0.493124,,,,,,,,,-0.268828,,,,,,,,,0.000000,,,,,,,,,0.939825,,,,,,,,,0.607241,,
0.692308,,,,,,,,-1.627371,,,,,,,,,0.664494,,,,,,,,,0.067754,,,,,,,,,0.254630,,,,,,,,,-1.102412,,,,,,,,,-0.029037,,,,,,,,,0.000000,,,,,,,,,0.942218,,,,,,,,,0.628719,,
0.707692,,,,,,,,-1.557359,,,,,,,,,0.688430,,,,,,,,,-0.020012,,,,,,,,,0.284136,,,,,,,,,-1.160278,,,,,,,,,0.251502,,,,,,,,,0.000000,,,,,,,,,0.939997,,,,,,,,,0.698328,,
0.723077,,,,,,,,-1.394047,,,,,,,,,0.702801,,,,,,,,,-0.048972,,,,,,,,,0.139288,,,,,,,,,-1.357700,,,,,,,,,0.555550,,,,,,,,,0.000000,,,,,,,,,0.935058,,,,,,,,,0.751469,,
0.738462,,,,,,,,-1.122692,,,,,,,,,0.668691,,,,,,,,,-0.092087,,,,,,,,,-0.196008,,,,,,,,,-1.170489,,,,,,,,,0.884674,,,,,,,,,0.000000,,,,,,,,,0.925786,,,,,,,,,0.789003,,
0.753846,,,,,,,,-0.861032,,,,,,,,,0.610208,,,,,,,,,-0.037181,,,,,,,,,-0.437422,,,,,,,,,-0.785855,,,,,,,,,1.143272,,,,,,,,,0.000000,,,,,,,,,0.916177,,,,,,,,,0.751487,,
0.769231,,,,,,,,-0.556929,,,,,,,,,0.509996,,,,,,,,,0.031783,,,,,,,,,-0.764671,,,,,,,,,-0.581624,,,,,,,,,1.414408,,,,,,,,,0.000000,,,,,,,,,0.914869,,,,,,,,,0.597707,,
0.784615,,,,,,,,-0.196021,,,,,,,,,0.338496,,,,,,,,,0.159051,,,,,,,,,-1.196533,,,,,,,,,-0.166355,,,,,,,,,1.589941,,,,,,,,,0.000000,,,,,,,,,0.941443,,,,,,,,,0.347225,,
0.800000,,,,,,,,0.125295,,,,,,,,,0.104684,,,,,,,,,0.340353,,,,,,,,,-1.488911,,,,,,,,,0.402087,,,,,,,,,1.607180,,,,,,,,,0.000000,,,,,,,,,1.005012,,,,,,,,,0.020833,,
0.825000,,,,,,,,0.251005,,,,,,,,,-0.203437,,,,,,,,,0.514786,,,,,,,,,-1.711548,,,,,,,,,0.745875,,,,,,,,,1.574268,,,,,,,,,0.000000,,,,,,,,,0.605694,,,,,,,,,-0.335910,,
0.850000,,,,,,,,0.417420,,,,,,,,,-0.534833,,,,,,,,,0.747136,,,,,,,,,-1.711548,,,,,,,,,0.752683,,,,,,,,,1.419109,,,,,,,,,0.000000,,,,,,,,,0.224702,,,,,,,,,-0.698819,,
0.875000,,,,,,,,0.505664,,,,,,,,,-0.864097,,,,,,,,,0.937133,,,,,,,,,-1.569383,,,,,,,,,0.725452,,,,,,,,,1.215366,,,,,,,,,0.000000,,,,,,,,,-0.151547,,,,,,,,,-1.021581,,
0.900000,,,,,,,,0.546869,,,,,,,,,-1.162137,,,,,,,,,1.092567,,,,,,,,,-1.325287,,,,,,,,,0.565471,,,,,,,,,0.959903,,,,,,,,,0.000000,,,,,,,,,-0.525581,,,,,,,,,-1.328578,,
0.925000,,,,,,,,0.537826,,,,,,,,,-1.408644,,,,,,,,,1.202790,,,,,,,,,-1.078509,,,,,,,,,0.282952,,,,,,,,,0.696603,,,,,,,,,0.000000,,,,,,,,,-0.903645,,,,,,,,,-1.566021,,
0.950000,,,,,,,,0.502925,,,,,,,,,-1.592358,,,,,,,,,1.251167,,,,,,,,,-0.753942,,,,,,,,,0.133183,,,,,,,,,0.445842,,,,,,,,,0.000000,,,,,,,,,-1.279376,,,,,,,,,-1.684953,,
0.975000,,,,,,,,0.426008,,,,,,,,,-1.688759,,,,,,,,,1.232251,,,,,,,,,-0.418645,,,,,,,,,0.071914,,,,,,,,,0.234262,,,,,,,,,0.000000,,,,,,,,,-1.683645,,,,,,,,,-1.701211,,
1.000000,,,,,,,,0.334219,,,,,,,,,-1.758835,,,,,,,,,1.215304,,,,,,,,,-0.238926,,,,,,,,,-0.006374,,,,,,,,,0.121420,,,,,,,,,0.000000,,,,,,,,,-2.124478,,,,,,,,,-1.683314,,
0.000000,,,,,,,,,0.555461,,,,,,,,,-2.130915,,,,,,,,,1.288229,,,,,,,,,-0.006093,,,,,,,,,-0.296883,,,,,,,,,-0.148297,,,,,,,,,0.000000,,,,,,,,,-2.450613,,,,,,,,,-1.938620,
0.025000,,,,,,,,,0.618178,,,,,,,,,-2.095800,,,,,,,,,1.309769,,,,,,,,,0.098103,,,,,,,,,-0.362275,,,,,,,,,-0.327269,,,,,,,,,0.000000,,,,,,,,,-1.954668,,,,,,,,,-1.956056,
0.050000,,,,,,,,,0.665138,,,,,,,,,-2.021414,,,,,,,,,1.303888,,,,,,,,,0.295808,,,,,,,,,-0.365118,,,,,,,,,-0.575931,,,,,,,,,0.000000,,,,,,,,,-1.499748,,,,,,,,,-1.960918,
0.075000,,,,,,,,,0.693510,,,,,,,,,-1.903172,,,,,,,,,1.298040,,,,,,,,,0.504201,,,,,,,,,-0.430511,,,,,,,,,-0.851517,,,,,,,,,0.000000,,,,,,,,,-1.066483,,,,,,,,,-1.896222,
0.100000,,,,,,,,,0.673227,,,,,,,,,-1.737670,,,,,,,,,1.258774,,,,,,,,,0.723280,,,,,,,,,-0.490216,,,,,,,,,-1.144526,,,,,,,,,0.000000,,,,,,,,,-0.646682,,,,,,,,,-1.763442,
0.125000,,,,,,,,,0.618337,,,,,,,,,-1.512511,,,,,,,,,1.198556,,,,,,,,,0.969076,,,,,,,,,-0.396393,,,,,,,,,-1.382100,,,,,,,,,0.000000,,,,,,,,,-0.237375,,,,,,,,,-1.570565,
0.150000,,,,,,,,,0.508429,,,,,,,,,-1.251946,,,,,,,,,1.087443,,,,,,,,,1.220215,,,,,,,,,-0.109236,,,,,,,,,-1.565825,,,,,,,,,0.000000,,,,,,,,,0.180799,,,,,,,,,-1.326379,
0.175000,,,,,,,,,0.352876,,,,,,,,,-0.947139,,,,,,,,,0.950610,,,,,,,,,1.343113,,,,,,,,,0.152332,,,,,,,,,-1.686196,,,,,,,,,0.000000,,,,,,,,,0.595275,,,,,,,,,-1.048498,
0.200000,,,,,,,,,0.114829,,,,,,,,,-0.636989,,,,,,,,,0.785936,,,,,,,,,1.380517,,,,,,,,,0.388312,,,,,,,,,-1.728959,,,,,,,,,0.000000,,,,,,,,,1.026062,,,,,,,,,-0.738312,
0.214286,,,,,,,,,-0.192245,,,,,,,,,-0.356944,,,,,,,,,0.628080,,,,,,,,,1.337770,,,,,,,,,0.729489,,,,,,,,,-1.567409,,,,,,,,,0.000000,,,,,,,,,0.947467,,,,,,,,,-0.422758,
0.228571,,,,,,,,,-0.471484,,,,,,,,,-0.116823,,,,,,,,,0.494924,,,,,,,,,1.185483,,,,,,,,,1.059292,,,,,,,,,-1.317163,,,,,,,,,0.000000,,,,,,,,,0.909630,,,,,,,,,-0.146506,
0.242857,,,,,,,,,-0.766359,,,,,,,,,0.064749,,,,,,,,,0.348977,,,,,,,,,1.022510,,,,,,,,,1.372037,,,,,,,,,-1.047912,,,,,,,,,0.000000,,,,,,,,,0.901044,,,,,,,,,0.054168,
0.257143,,,,,,,,,-1.055561,,,,,,,,,0.205392,,,,,,,,,0.218614,,,,,,,,,0.835491,,,,,,,,,1.474390,,,,,,,,,-0.723227,,,,,,,,,0.000000,,,,,,,,,0.907530,,,,,,,,,0.178375,
0.271429,,,,,,,,,-1.286853,,,,,,,,,0.295354,,,,,,,,,0.140864,,,,,,,,,0.589695,,,,,,,,,1.366351,,,,,,,,,-0.468230,,,,,,,,,0.000000,,,,,,,,,0.917629,,,,,,,,,0.230721,
0.285714,,,,,,,,,-1.494039,,,,,,,,,0.342763,,,,,,,,,0.127980,,,,,,,,,0.367944,,,,,,,,,1.073508,,,,,,,,,-0.243326,,,,,,,,,0.000000,,,,,,,,,0.925258,,,,,,,,,0.232070,
0.300000,,,,,,,,,-1.642364,,,,,,,,,0.380178,,,,,,,,,0.108935,,,,,,,,,0.381303,,,,,,,,,0.584489,,,,,,,,,0.049682,,,,,,,,,0.000000,,,,,,,,,0.929788,,,,,,,,,0.223891,
0.314286,,,,,,,,,-1.656714,,,,,,,,,0.401502,,,,,,,,,0.088454,,,,,,,,,0.496186,,,,,,,,,-0.026785,,,,,,,,,0.363281,,,,,,,,,0.000000,,,,,,,,,0.923637,,,,,,,,,0.232328,
0.328571,,,,,,,,,-1.546617,,,,,,,,,0.479042,,,,,,,,,-0.002123,,,,,,,,,0.672518,,,,,,,,,-0.700608,,,,,,,,,0.594520,,,,,,,,,0.000000,,,,,,,,,0.913440,,,,,,,,,0.317677,
0.342857,,,,,,,,,-1.364275,,,,,,,,,0.565372,,,,,,,,,-0.151308,,,,,,,,,0.891597,,,,,,,,,-1.291981,,,,,,,,,0.832094,,,,,,,,,0.000000,,,,,,,,,0.894493,,,,,,,,,0.490231,
0.357143,,,,,,,,,-1.053634,,,,,,,,,0.671784,,,,,,,,,-0.325838,,,,,,,,,1.083959,,,,,,,,,-1.638843,,,,,,,,,1.050663,,,,,,,,,0.000000,,,,,,,,,0.621693,,,,,,,,,0.684978,
0.371429,,,,,,,,,-0.651962,,,,,,,,,0.769347,,,,,,,,,-0.510576,,,,,,,,,1.254947,,,,,,,,,-1.769627,,,,,,,,,1.235971,,,,,,,,,0.000000,,,,,,,,,0.333861,,,,,,,,,0.847283,
0.385714,,,,,,,,,-0.209409,,,,,,,,,0.862534,,,,,,,,,-0.758166,,,,,,,,,1.372502,,,,,,,,,-1.908941,,,,,,,,,1.388019,,,,,,,,,0.000000,,,,,,,,,0.041028,,,,,,,,,0.985667,
0.400000,,,,,,,,,0.312167,,,,,,,,,0.944392,,,,,,,,,-1.059835,,,,,,,,,1.423264,,,,,,,,,-1.940215,,,,,,,,,1.454540,,,,,,,,,0.000000,,,,,,,,,-0.250545,,,,,,,,,1.031834,
0.418182,,,,,,,,,0.834389,,,,,,,,,0.975987,,,,,,,,,-1.322781,,,,,,,,,1.324412,,,,,,,,,-1.718451,,,,,,,,,1.369013,,,,,,,,,0.000000,,,,,,,,,-0.539384,,,,,,,,,1.048088,
0.436364,,,,,,,,,1.252097,,,,,,,,,0.989758,,,,,,,,,-1.589990,,,,,,,,,1.185483,,,,,,,,,-1.280608,,,,,,,,,1.183705,,,,,,,,,0.000000,,,,,,,,,-0.820162,,,,,,,,,1.006603,
0.454545,,,,,,,,,1.609393,,,,,,,,,0.965028,,,,,,,,,-1.801200,,,,,,,,,0.915642,,,,,,,,,-0.871197,,,,,,,,,0.957217,,,,,,,,,0.000000,,,,,,,,,-1.098629,,,,,,,,,0.897617,
0.472727,,,,,,,,,1.884398,,,,,,,,,0.922800,,,,,,,,,-1.948282,,,,,,,,,0.488171,,,,,,,,,-0.558452,,,,,,,,,0.637283,,,,,,,,,0.000000,,,,,,,,,-1.369305,,,,,,,,,0.716993,
0.490909,,,,,,,,,2.049661,,,,,,,,,0.895268,,,,,,,,,-2.018752,,,,,,,,,-0.040825,,,,,,,,,-0.271295,,,,,,,,,0.274586,,,,,,,,,0.000000,,,,,,,,,-1.389270,,,,,,,,,0.589742,
0.509091,,,,,,,,,2.065430,,,,,,,,,0.876460,,,,,,,,,-1.967638,,,,,,,,,-0.519059,,,,,,,,,0.038607,,,,,,,,,-0.107117,,,,,,,,,0.000000,,,,,,,,,-1.394470,,,,,,,,,0.592008,
0.527273,,,,,,,,,1.947260,,,,,,,,,0.852132,,,,,,,,,-1.836034,,,,,,,,,-0.906455,,,,,,,,,0.416744,,,,,,,,,-0.455560,,,,,,,,,0.000000,,,,,,,,,-1.386330,,,,,,,,,0.664975,
0.545455,,,,,,,,,1.725089,,,,,,,,,0.844801,,,,,,,,,-1.657350,,,,,,,,,-1.224387,,,,,,,,,0.729489,,,,,,,,,-0.737481,,,,,,,,,0.000000,,,,,,,,,-1.115074,,,,,,,,,0.788149,
0.563636,,,,,,,,,1.394702,,,,,,,,,0.838117,,,,,,,,,-1.448580,,,,,,,,,-1.432779,,,,,,,,,1.101939,,,,,,,,,-0.960801,,,,,,,,,0.000000,,,,,,,,,-0.839011,,,,,,,,,0.882595,
0.581818,,,,,,,,,1.060467,,,,,,,,,0.838560,,,,,,,,,-1.177660,,,,,,,,,-1.601096,,,,,,,,,1.263998,,,,,,,,,-1.128688,,,,,,,,,0.000000,,,,,,,,,-0.560886,,,,,,,,,0.940934,
0.600000,,,,,,,,,0.668331,,,,,,,,,0.821143,,,,,,,,,-0.885602,,,,,,,,,-1.601096,,,,,,,,,1.411841,,,,,,,,,-1.211047,,,,,,,,,0.000000,,,,,,,,,-0.280737,,,,,,,,,0.986344,
0.612500,,,,,,,,,0.235094,,,,,,,,,0.794094,,,,,,,,,-0.579680,,,,,,,,,-1.448810,,,,,,,,,1.437429,,,,,,,,,-1.192041,,,,,,,,,0.000000,,,,,,,,,0.000642,,,,,,,,,1.014029,
0.625000,,,,,,,,,-0.146008,,,,,,,,,0.769229,,,,,,,,,-0.327438,,,,,,,,,-1.170953,,,,,,,,,1.289586,,,,,,,,,-1.068502,,,,,,,,,0.000000,,,,,,,,,0.284691,,,,,,,,,0.981630,
0.637500,,,,,,,,,-0.452362,,,,,,,,,0.715673,,,,,,,,,-0.169586,,,,,,,,,-0.911799,,,,,,,,,1.076351,,,,,,,,,-0.922790,,,,,,,,,0.000000,,,,,,,,,0.568684,,,,,,,,,0.841928,
0.650000,,,,,,,,,-0.682486,,,,,,,,,0.667601,,,,,,,,,-0.060508,,,,,,,,,-0.636614,,,,,,,,,0.871645,,,,,,,,,-0.764407,,,,,,,,,0.000000,,,,,,,,,0.844530,,,,,,,,,0.668806,
0.662500,,,,,,,,,-0.859051,,,,,,,,,0.615164,,,,,,,,,0.050215,,,,,,,,,-0.369444,,,,,,,,,0.649881,,,,,,,,,-0.602856,,,,,,,,,0.000000,,,,,,,,,0.857310,,,,,,,,,0.538090,
0.675000,,,,,,,,,-0.996841,,,,,,,,,0.563921,,,,,,,,,0.096713,,,,,,,,,-0.203799,,,,,,,,,0.308705,,,,,,,,,-0.453976,,,,,,,,,0.000000,,,,,,,,,0.867464,,,,,,,,,0.439619,
0.687500,,,,,,,,,-1.146627,,,,,,,,,0.502265,,,,,,,,,0.120566,,,,,,,,,-0.072886,,,,,,,,,-0.234334,,,,,,,,,-0.240159,,,,,,,,,0.000000,,,,,,,,,0.874869,,,,,,,,,0.410288,
0.700000,,,,,,,,,-1.154212,,,,,,,,,0.463159,,,,,,,,,0.123337,,,,,,,,,0.122148,,,,,,,,,-0.757471,,,,,,,,,-0.042180,,,,,,,,,0.000000,,,,,,,,,0.875983,,,,,,,,,0.430657,
0.712500,,,,,,,,,-1.074767,,,,,,,,,0.480728,,,,,,,,,0.026089,,,,,,,,,0.303823,,,,,,,,,-1.235118,,,,,,,,,0.120955,,,,,,,,,0.000000,,,,,,,,,0.873565,,,,,,,,,0.520043,
0.725000,,,,,,,,,-0.933217,,,,,,,,,0.518110,,,,,,,,,-0.057399,,,,,,,,,0.325197,,,,,,,,,-1.436980,,,,,,,,,0.290424,,,,,,,,,0.000000,,,,,,,,,0.869848,,,,,,,,,0.636055,
0.737500,,,,,,,,,-0.782132,,,,,,,,,0.568707,,,,,,,,,-0.120701,,,,,,,,,0.180925,,,,,,,,,-1.246490,,,,,,,,,0.499490,,,,,,,,,0.000000,,,,,,,,,0.863823,,,,,,,,,0.745690,
0.750000,,,,,,,,,-0.617697,,,,,,,,,0.573796,,,,,,,,,-0.120028,,,,,,,,,-0.115633,,,,,,,,,-1.087275,,,,,,,,,0.768741,,,,,,,,,0.000000,,,,,,,,,0.857068,,,,,,,,,0.775753,
0.762500,,,,,,,,,-0.400187,,,,,,,,,0.482318,,,,,,,,,-0.053370,,,,,,,,,-0.553791,,,,,,,,,-0.945118,,,,,,,,,1.085507,,,,,,,,,0.000000,,,,,,,,,0.854463,,,,,,,,,0.679423,
0.775000,,,,,,,,,-0.170229,,,,,,,,,0.322451,,,,,,,,,0.080976,,,,,,,,,-0.975919,,,,,,,,,-0.746099,,,,,,,,,1.392770,,,,,,,,,0.000000,,,,,,,,,0.858235,,,,,,,,,0.516337,
0.787500,,,,,,,,,0.128940,,,,,,,,,0.130445,,,,,,,,,0.220366,,,,,,,,,-1.243089,,,,,,,,,-0.188844,,,,,,,,,1.549570,,,,,,,,,0.000000,,,,,,,,,0.897157,,,,,,,,,0.235915,
0.800000,,,,,,,,,0.268664,,,,,,,,,-0.128517,,,,,,,,,0.382090,,,,,,,,,-1.534304,,,,,,,,,0.459391,,,,,,,,,1.574911,,,,,,,,,0.000000,,,,,,,,,0.974479,,,,,,,,,-0.101442,
0.828571,,,,,,,,,0.335737,,,,,,,,,-0.438567,,,,,,,,,0.648373,,,,,,,,,-1.753383,,,,,,,,,0.922822,,,,,,,,,1.511558,,,,,,,,,0.000000,,,,,,,,,0.540789,,,,,,,,,-0.461147,
0.857143,,,,,,,,,0.290167,,,,,,,,,-0.805910,,,,,,,,,0.910885,,,,,,,,,-1.748040,,,,,,,,,1.184390,,,,,,,,,1.343672,,,,,,,,,0.000000,,,,,,,,,0.115159,,,,,,,,,-0.854331,
0.885714,,,,,,,,,0.225345,,,,,,,,,-1.156077,,,,,,,,,1.143693,,,,,,,,,-1.544991,,,,,,,,,0.954096,,,,,,,,,1.137774,,,,,,,,,0.000000,,,,,,,,,-0.313012,,,,,,,,,-1.212417,
0.914286,,,,,,,,,0.132492,,,,,,,,,-1.461122,,,,,,,,,1.298708,,,,,,,,,-1.232402,,,,,,,,,0.760763,,,,,,,,,0.889112,,,,,,,,,0.000000,,,,,,,,,-0.740650,,,,,,,,,-1.500653,
0.942857,,,,,,,,,-0.018915,,,,,,,,,-1.652716,,,,,,,,,1.368912,,,,,,,,,-0.828976,,,,,,,,,0.649881,,,,,,,,,0.611942,,,,,,,,,0.000000,,,,,,,,,-1.179056,,,,,,,,,-1.663888,
0.971429,,,,,,,,,-0.122107,,,,,,,,,-1.769081,,,,,,,,,1.410000,,,,,,,,,-0.446923,,,,,,,,,0.391156,,,,,,,,,0.358529,,,,,,,,,0.000000,,,,,,,,,-1.620072,,,,,,,,,-1.754833,
1.000000,,,,,,,,,-0.271452,,,,,,,,,-1.846811,,,,,,,,,1.431423,,,,,,,,,-0.171739,,,,,,,,,0.186450,,,,,,,,,0.139961,,,,,,,,,0.000000,,,,,,,,,-2.095230,,,,,,,,,-1.740547,
