Relative Time (to start of segment),aclx 1,aclx 2,aclx 3,aclx 4,aclx 5,aclx 6,aclx 7,aclx 8,aclx 9,aclx 10,acly 1,acly 2,acly 3,acly 4,acly 5,acly 6,acly 7,acly 8,acly 9,acly 10,aclz 1,aclz 2,aclz 3,aclz 4,aclz 5,aclz 6,aclz 7,aclz 8,aclz 9,aclz 10,gyrx 1,gyrx 2,gyrx 3,gyrx 4,gyrx 5,gyrx 6,gyrx 7,gyrx 8,gyrx 9,gyrx 10,gyry 1,gyry 2,gyry 3,gyry 4,gyry 5,gyry 6,gyry 7,gyry 8,gyry 9,gyry 10,gyrz 1,gyrz 2,gyrz 3,gyrz 4,gyrz 5,gyrz 6,gyrz 7,gyrz 8,gyrz 9,gyrz 10,magr 1,magr 2,magr 3,magr 4,magr 5,magr 6,magr 7,magr 8,magr 9,magr 10,magphi 1,magphi 2,magphi 3,magphi 4,magphi 5,magphi 6,magphi 7,magphi 8,magphi 9,magphi 10,magtheta 1,magtheta 2,magtheta 3,magtheta 4,magtheta 5,magtheta 6,magtheta 7,magtheta 8,magtheta 9,magtheta 10,
0.000000,0.018128,,,,,,,,,,-0.031513,,,,,,,,,,0.023376,,,,,,,,,,-0.000491,,,,,,,,,,-0.000346,,,,,,,,,,-0.001919,,,,,,,,,,0.000000,,,,,,,,,,-0.054404,,,,,,,,,,-0.034639,,,,,,,,,,
0.142857,0.018246,,,,,,,,,,-0.031482,,,,,,,,,,0.023467,,,,,,,,,,0.000184,,,,,,,,,,0.001149,,,,,,,,,,-0.002832,,,,,,,,,,0.000000,,,,,,,,,,-0.042340,,,,,,,,,,-0.034637,,,,,,,,,,
0.285714,0.017952,,,,,,,,,,-0.031439,,,,,,,,,,0.023797,,,,,,,,,,0.000521,,,,,,,,,,0.001897,,,,,,,,,,-0.003875,,,,,,,,,,0.000000,,,,,,,,,,-0.030386,,,,,,,,,,-0.034512,,,,,,,,,,
0.428571,0.017334,,,,,,,,,,-0.031005,,,,,,,,,,0.024196,,,,,,,,,,0.000746,,,,,,,,,,0.001149,,,,,,,,,,-0.004266,,,,,,,,,,0.000000,,,,,,,,,,-0.018765,,,,,,,,,,-0.034233,,,,,,,,,,
0.571429,0.017149,,,,,,,,,,-0.030569,,,,,,,,,,0.023753,,,,,,,,,,0.000971,,,,,,,,,,-0.000026,,,,,,,,,,-0.004005,,,,,,,,,,0.000000,,,,,,,,,,-0.007177,,,,,,,,,,-0.034425,,,,,,,,,,
0.714286,0.016576,,,,,,,,,,-0.030186,,,,,,,,,,0.023852,,,,,,,,,,0.001084,,,,,,,,,,-0.000987,,,,,,,,,,-0.003744,,,,,,,,,,0.000000,,,,,,,,,,0.004494,,,,,,,,,,-0.034162,,,,,,,,,,
0.857143,0.016541,,,,,,,,,,-0.030078,,,,,,,,,,0.023970,,,,,,,,,,0.001309,,,,,,,,,,-0.001627,,,,,,,,,,-0.003549,,,,,,,,,,0.000000,,,,,,,,,,0.004456,,,,,,,,,,-0.034140,,,,,,,,,,
1.000000,0.016576,,,,,,,,,,-0.029439,,,,,,,,,,0.023947,,,,,,,,,,0.001421,,,,,,,,,,-0.003016,,,,,,,,,,-0.003418,,,,,,,,,,0.000000,,,,,,,,,,0.015849,,,,,,,,,,-0.034211,,,,,,,,,,
0.000000,,0.021963,,,,,,,,,,-0.025676,,,,,,,,,,0.024057,,,,,,,,,,0.002884,,,,,,,,,,-0.004618,,,,,,,,,,-0.005048,,,,,,,,,,0.000000,,,,,,,,,,0.036363,,,,,,,,,,-0.033542,,,,,,,,,
0.018868,,0.024060,,,,,,,,,,-0.025424,,,,,,,,,,0.024865,,,,,,,,,,0.005021,,,,,,,,,,0.005742,,,,,,,,,,-0.009415,,,,,,,,,,0.000000,,,,,,,,,,0.036174,,,,,,,,,,-0.033420,,,,,,,,,
0.037736,,0.024252,,,,,,,,,,-0.024528,,,,,,,,,,0.025902,,,,,,,,,,0.013459,,,,,,,,,,0.005528,,,,,,,,,,-0.020820,,,,,,,,,,0.000000,,,,,,,,,,0.035284,,,,,,,,,,-0.031840,,,,,,,,,
0.056604,,0.021489,,,,,,,,,,-0.021735,,,,,,,,,,0.026030,,,,,,,,,,0.025384,,,,,,,,,,0.003819,,,,,,,,,,-0.034767,,,,,,,,,,0.000000,,,,,,,,,,0.033884,,,,,,,,,,-0.027574,,,,,,,,,
0.075472,,0.015862,,,,,,,,,,-0.016694,,,,,,,,,,0.024171,,,,,,,,,,0.038546,,,,,,,,,,0.002324,,,,,,,,,,-0.046433,,,,,,,,,,0.000000,,,,,,,,,,0.032266,,,,,,,,,,-0.021001,,,,,,,,,
0.094340,,0.009081,,,,,,,,,,-0.010279,,,,,,,,,,0.018911,,,,,,,,,,0.050134,,,,,,,,,,0.004460,,,,,,,,,,-0.053342,,,,,,,,,,0.000000,,,,,,,,,,0.030708,,,,,,,,,,-0.012545,,,,,,,,,
0.113208,,0.004491,,,,,,,,,,-0.001658,,,,,,,,,,0.012892,,,,,,,,,,0.056321,,,,,,,,,,0.000188,,,,,,,,,,-0.058947,,,,,,,,,,0.000000,,,,,,,,,,0.029535,,,,,,,,,,-0.002987,,,,,,,,,
0.132075,,-0.003583,,,,,,,,,,0.006478,,,,,,,,,,0.006512,,,,,,,,,,0.056771,,,,,,,,,,0.007130,,,,,,,,,,-0.061945,,,,,,,,,,0.000000,,,,,,,,,,0.028249,,,,,,,,,,0.008058,,,,,,,,,
0.150943,,-0.010440,,,,,,,,,,0.014014,,,,,,,,,,-0.000566,,,,,,,,,,0.055534,,,,,,,,,,0.015887,,,,,,,,,,-0.063444,,,,,,,,,,0.000000,,,,,,,,,,0.027006,,,,,,,,,,0.018842,,,,,,,,,
0.169811,,-0.019673,,,,,,,,,,0.020302,,,,,,,,,,-0.006810,,,,,,,,,,0.052946,,,,,,,,,,0.017596,,,,,,,,,,-0.061684,,,,,,,,,,0.000000,,,,,,,,,,0.025845,,,,,,,,,,0.028638,,,,,,,,,
0.188679,,-0.029109,,,,,,,,,,0.025466,,,,,,,,,,-0.010829,,,,,,,,,,0.044734,,,,,,,,,,0.029237,,,,,,,,,,-0.051452,,,,,,,,,,0.000000,,,,,,,,,,0.025246,,,,,,,,,,0.036523,,,,,,,,,
0.207547,,-0.038269,,,,,,,,,,0.029633,,,,,,,,,,-0.014292,,,,,,,,,,0.034496,,,,,,,,,,0.047606,,,,,,,,,,-0.036071,,,,,,,,,,0.000000,,,,,,,,,,0.025076,,,,,,,,,,0.040930,,,,,,,,,
0.226415,,-0.046596,,,,,,,,,,0.031790,,,,,,,,,,-0.016368,,,,,,,,,,0.019196,,,,,,,,,,0.057432,,,,,,,,,,-0.019647,,,,,,,,,,0.000000,,,,,,,,,,0.025125,,,,,,,,,,0.042746,,,,,,,,,
0.245283,,-0.052095,,,,,,,,,,0.033027,,,,,,,,,,-0.015277,,,,,,,,,,0.008846,,,,,,,,,,0.053160,,,,,,,,,,-0.003810,,,,,,,,,,0.000000,,,,,,,,,,0.025187,,,,,,,,,,0.042219,,,,,,,,,
0.264151,,-0.056056,,,,,,,,,,0.032309,,,,,,,,,,-0.014580,,,,,,,,,,0.009409,,,,,,,,,,0.055509,,,,,,,,,,0.012614,,,,,,,,,,0.000000,,,,,,,,,,0.025134,,,,,,,,,,0.041487,,,,,,,,,
0.283019,,-0.055641,,,,,,,,,,0.033364,,,,,,,,,,-0.014516,,,,,,,,,,0.016496,,,,,,,,,,0.032868,,,,,,,,,,0.027409,,,,,,,,,,0.000000,,,,,,,,,,0.025052,,,,,,,,,,0.040270,,,,,,,,,
0.301887,,-0.052201,,,,,,,,,,0.035021,,,,,,,,,,-0.015974,,,,,,,,,,0.028196,,,,,,,,,,0.010120,,,,,,,,,,0.041291,,,,,,,,,,0.000000,,,,,,,,,,0.024868,,,,,,,,,,0.040773,,,,,,,,,
0.320755,,-0.042980,,,,,,,,,,0.038441,,,,,,,,,,-0.019688,,,,,,,,,,0.038996,,,,,,,,,,-0.007822,,,,,,,,,,0.051393,,,,,,,,,,0.000000,,,,,,,,,,0.024193,,,,,,,,,,0.043495,,,,,,,,,
0.339623,,-0.029866,,,,,,,,,,0.041945,,,,,,,,,,-0.027991,,,,,,,,,,0.047659,,,,,,,,,,-0.029929,,,,,,,,,,0.057585,,,,,,,,,,0.000000,,,,,,,,,,0.017840,,,,,,,,,,0.045806,,,,,,,,,
0.358491,,-0.013176,,,,,,,,,,0.044443,,,,,,,,,,-0.037821,,,,,,,,,,0.050584,,,,,,,,,,-0.051395,,,,,,,,,,0.058823,,,,,,,,,,0.000000,,,,,,,,,,0.011392,,,,,,,,,,0.047194,,,,,,,,,
0.377358,,0.005101,,,,,,,,,,0.046561,,,,,,,,,,-0.046141,,,,,,,,,,0.053059,,,,,,,,,,-0.064211,,,,,,,,,,0.055369,,,,,,,,,,0.000000,,,,,,,,,,0.004931,,,,,,,,,,0.048361,,,,,,,,,
0.396226,,0.022596,,,,,,,,,,0.048245,,,,,,,,,,-0.055267,,,,,,,,,,0.051934,,,,,,,,,,-0.067415,,,,,,,,,,0.047026,,,,,,,,,,0.000000,,,,,,,,,,-0.001443,,,,,,,,,,0.048795,,,,,,,,,
0.415094,,0.036264,,,,,,,,,,0.049339,,,,,,,,,,-0.063892,,,,,,,,,,0.046084,,,,,,,,,,-0.066560,,,,,,,,,,0.036794,,,,,,,,,,0.000000,,,,,,,,,,-0.007724,,,,,,,,,,0.047777,,,,,,,,,
0.433962,,0.048385,,,,,,,,,,0.049437,,,,,,,,,,-0.071669,,,,,,,,,,0.037309,,,,,,,,,,-0.047871,,,,,,,,,,0.024867,,,,,,,,,,0.000000,,,,,,,,,,-0.013901,,,,,,,,,,0.045565,,,,,,,,,
0.452830,,0.055284,,,,,,,,,,0.049386,,,,,,,,,,-0.077862,,,,,,,,,,0.020884,,,,,,,,,,-0.028006,,,,,,,,,,0.011115,,,,,,,,,,0.000000,,,,,,,,,,-0.019995,,,,,,,,,,0.042497,,,,,,,,,
0.471698,,0.056952,,,,,,,,,,0.049025,,,,,,,,,,-0.081471,,,,,,,,,,-0.000604,,,,,,,,,,-0.010598,,,,,,,,,,-0.003158,,,,,,,,,,0.000000,,,,,,,,,,-0.025610,,,,,,,,,,0.039624,,,,,,,,,
0.490566,,0.054081,,,,,,,,,,0.049046,,,,,,,,,,-0.080858,,,,,,,,,,-0.019729,,,,,,,,,,0.028489,,,,,,,,,,-0.017887,,,,,,,,,,0.000000,,,,,,,,,,-0.025465,,,,,,,,,,0.039629,,,,,,,,,
0.509434,,0.043024,,,,,,,,,,0.049042,,,,,,,,,,-0.076088,,,,,,,,,,-0.030529,,,,,,,,,,0.057538,,,,,,,,,,-0.031900,,,,,,,,,,0.000000,,,,,,,,,,-0.019214,,,,,,,,,,0.041066,,,,,,,,,
0.528302,,0.030607,,,,,,,,,,0.048057,,,,,,,,,,-0.071664,,,,,,,,,,-0.041554,,,,,,,,,,0.058286,,,,,,,,,,-0.043566,,,,,,,,,,0.000000,,,,,,,,,,-0.012897,,,,,,,,,,0.041995,,,,,,,,,
0.547170,,0.013728,,,,,,,,,,0.046815,,,,,,,,,,-0.065618,,,,,,,,,,-0.046729,,,,,,,,,,0.085199,,,,,,,,,,-0.050605,,,,,,,,,,0.000000,,,,,,,,,,-0.006615,,,,,,,,,,0.043053,,,,,,,,,
0.566038,,-0.004267,,,,,,,,,,0.045855,,,,,,,,,,-0.058135,,,,,,,,,,-0.051566,,,,,,,,,,0.089791,,,,,,,,,,-0.053798,,,,,,,,,,0.000000,,,,,,,,,,-0.000278,,,,,,,,,,0.043393,,,,,,,,,
0.584906,,-0.019496,,,,,,,,,,0.043950,,,,,,,,,,-0.048446,,,,,,,,,,-0.053254,,,,,,,,,,0.087869,,,,,,,,,,-0.055428,,,,,,,,,,0.000000,,,,,,,,,,0.006092,,,,,,,,,,0.043328,,,,,,,,,
0.603774,,-0.036534,,,,,,,,,,0.041187,,,,,,,,,,-0.038795,,,,,,,,,,-0.047966,,,,,,,,,,0.084772,,,,,,,,,,-0.054515,,,,,,,,,,0.000000,,,,,,,,,,0.012569,,,,,,,,,,0.042063,,,,,,,,,
0.622642,,-0.055548,,,,,,,,,,0.037876,,,,,,,,,,-0.030105,,,,,,,,,,-0.034916,,,,,,,,,,0.077189,,,,,,,,,,-0.047737,,,,,,,,,,0.000000,,,,,,,,,,0.019066,,,,,,,,,,0.038815,,,,,,,,,
0.641509,,-0.068616,,,,,,,,,,0.034426,,,,,,,,,,-0.023865,,,,,,,,,,-0.024679,,,,,,,,,,0.048888,,,,,,,,,,-0.037635,,,,,,,,,,0.000000,,,,,,,,,,0.025488,,,,,,,,,,0.033643,,,,,,,,,
0.660377,,-0.074964,,,,,,,,,,0.031785,,,,,,,,,,-0.020733,,,,,,,,,,-0.019954,,,,,,,,,,0.015460,,,,,,,,,,-0.024405,,,,,,,,,,0.000000,,,,,,,,,,0.025763,,,,,,,,,,0.029524,,,,,,,,,
0.679245,,-0.077428,,,,,,,,,,0.030340,,,,,,,,,,-0.016876,,,,,,,,,,-0.010166,,,,,,,,,,0.001149,,,,,,,,,,-0.009284,,,,,,,,,,0.000000,,,,,,,,,,0.025878,,,,,,,,,,0.026453,,,,,,,,,
0.698113,,-0.072634,,,,,,,,,,0.029426,,,,,,,,,,-0.014923,,,,,,,,,,-0.007016,,,,,,,,,,-0.042851,,,,,,,,,,0.004011,,,,,,,,,,0.000000,,,,,,,,,,0.025926,,,,,,,,,,0.025010,,,,,,,,,
0.716981,,-0.063191,,,,,,,,,,0.029832,,,,,,,,,,-0.013558,,,,,,,,,,-0.000379,,,,,,,,,,-0.065172,,,,,,,,,,0.011246,,,,,,,,,,0.000000,,,,,,,,,,0.025772,,,,,,,,,,0.026403,,,,,,,,,
0.735849,,-0.055979,,,,,,,,,,0.030366,,,,,,,,,,-0.015395,,,,,,,,,,0.001309,,,,,,,,,,-0.071153,,,,,,,,,,0.020370,,,,,,,,,,0.000000,,,,,,,,,,0.025506,,,,,,,,,,0.029336,,,,,,,,,
0.754717,,-0.046171,,,,,,,,,,0.031258,,,,,,,,,,-0.016952,,,,,,,,,,-0.006341,,,,,,,,,,-0.075211,,,,,,,,,,0.031645,,,,,,,,,,0.000000,,,,,,,,,,0.025172,,,,,,,,,,0.032116,,,,,,,,,
0.773585,,-0.031244,,,,,,,,,,0.030536,,,,,,,,,,-0.017773,,,,,,,,,,-0.019616,,,,,,,,,,-0.078735,,,,,,,,,,0.042008,,,,,,,,,,0.000000,,,,,,,,,,0.024699,,,,,,,,,,0.033778,,,,,,,,,
0.792453,,-0.016764,,,,,,,,,,0.028945,,,,,,,,,,-0.016100,,,,,,,,,,-0.029404,,,,,,,,,,-0.077240,,,,,,,,,,0.050415,,,,,,,,,,0.000000,,,,,,,,,,0.024245,,,,,,,,,,0.033529,,,,,,,,,
0.811321,,-0.002028,,,,,,,,,,0.024652,,,,,,,,,,-0.012406,,,,,,,,,,-0.038516,,,,,,,,,,-0.060580,,,,,,,,,,0.057519,,,,,,,,,,0.000000,,,,,,,,,,0.023973,,,,,,,,,,0.030124,,,,,,,,,
0.830189,,0.010006,,,,,,,,,,0.018791,,,,,,,,,,-0.008111,,,,,,,,,,-0.045379,,,,,,,,,,-0.036016,,,,,,,,,,0.059866,,,,,,,,,,0.000000,,,,,,,,,,0.024363,,,,,,,,,,0.023972,,,,,,,,,
0.849057,,0.019285,,,,,,,,,,0.011715,,,,,,,,,,-0.003400,,,,,,,,,,-0.048191,,,,,,,,,,-0.014016,,,,,,,,,,0.057910,,,,,,,,,,0.000000,,,,,,,,,,0.025550,,,,,,,,,,0.015666,,,,,,,,,
0.867925,,0.024603,,,,,,,,,,0.002460,,,,,,,,,,0.002040,,,,,,,,,,-0.053479,,,,,,,,,,0.007557,,,,,,,,,,0.056672,,,,,,,,,,0.000000,,,,,,,,,,0.015690,,,,,,,,,,0.005618,,,,,,,,,
0.886792,,0.027729,,,,,,,,,,-0.006480,,,,,,,,,,0.008858,,,,,,,,,,-0.053141,,,,,,,,,,0.014606,,,,,,,,,,0.050676,,,,,,,,,,0.000000,,,,,,,,,,0.005790,,,,,,,,,,-0.005008,,,,,,,,,
0.905660,,0.029450,,,,,,,,,,-0.015050,,,,,,,,,,0.014829,,,,,,,,,,-0.044704,,,,,,,,,,0.017703,,,,,,,,,,0.041878,,,,,,,,,,0.000000,,,,,,,,,,-0.003785,,,,,,,,,,-0.015036,,,,,,,,,
0.924528,,0.030244,,,,,,,,,,-0.021888,,,,,,,,,,0.019483,,,,,,,,,,-0.033341,,,,,,,,,,0.016315,,,,,,,,,,0.031710,,,,,,,,,,0.000000,,,,,,,,,,-0.013082,,,,,,,,,,-0.023386,,,,,,,,,
0.943396,,0.027889,,,,,,,,,,-0.027353,,,,,,,,,,0.022415,,,,,,,,,,-0.023666,,,,,,,,,,0.014499,,,,,,,,,,0.022456,,,,,,,,,,0.000000,,,,,,,,,,-0.022760,,,,,,,,,,-0.029824,,,,,,,,,
0.962264,,0.025292,,,,,,,,,,-0.030858,,,,,,,,,,0.023937,,,,,,,,,,-0.013316,,,,,,,,,,0.006703,,,,,,,,,,0.013396,,,,,,,,,,0.000000,,,,,,,,,,-0.032344,,,,,,,,,,-0.033702,,,,,,,,,
0.981132,,0.023782,,,,,,,,,,-0.033036,,,,,,,,,,0.023626,,,,,,,,,,-0.006566,,,,,,,,,,-0.000453,,,,,,,,,,0.006488,,,,,,,,,,0.000000,,,,,,,,,,-0.042466,,,,,,,,,,-0.035008,,,,,,,,,
1.000000,,0.021965,,,,,,,,,,-0.034374,,,,,,,,,,0.023938,,,,,,,,,,-0.003191,,,,,,,,,,-0.000346,,,,,,,,,,0.002056,,,,,,,,,,0.000000,,,,,,,,,,-0.053443,,,,,,,,,,-0.035001,,,,,,,,,
0.000000,,,0.020908,,,,,,,,,,-0.033891,,,,,,,,,,0.023734,,,,,,,,,,0.001421,,,,,,,,,,-0.003763,,,,,,,,,,-0.004266,,,,,,,,,,0.000000,,,,,,,,,,-0.053277,,,,,,,,,,-0.034613,,,,,,,,
0.015152,,,0.023461,,,,,,,,,,-0.033697,,,,,,,,,,0.024354,,,,,,,,,,0.002884,,,,,,,,,,-0.009317,,,,,,,,,,-0.010392,,,,,,,,,,0.000000,,,,,,,,,,-0.041878,,,,,,,,,,-0.034571,,,,,,,,
0.030303,,,0.026309,,,,,,,,,,-0.032717,,,,,,,,,,0.024298,,,,,,,,,,0.002321,,,,,,,,,,-0.018074,,,,,,,,,,-0.019712,,,,,,,,,,0.000000,,,,,,,,,,-0.031302,,,,,,,,,,-0.033999,,,,,,,,
0.045455,,,0.029804,,,,,,,,,,-0.031417,,,,,,,,,,0.023422,,,,,,,,,,0.002771,,,,,,,,,,-0.022239,,,,,,,,,,-0.030726,,,,,,,,,,0.000000,,,,,,,,,,-0.021396,,,,,,,,,,-0.031875,,,,,,,,
0.060606,,,0.031182,,,,,,,,,,-0.028742,,,,,,,,,,0.021905,,,,,,,,,,0.007721,,,,,,,,,,-0.021599,,,,,,,,,,-0.042523,,,,,,,,,,0.000000,,,,,,,,,,-0.011888,,,,,,,,,,-0.026561,,,,,,,,
0.075758,,,0.031649,,,,,,,,,,-0.024642,,,,,,,,,,0.019161,,,,,,,,,,0.014809,,,,,,,,,,-0.017861,,,,,,,,,,-0.052755,,,,,,,,,,0.000000,,,,,,,,,,-0.002462,,,,,,,,,,-0.020024,,,,,,,,
0.090909,,,0.030868,,,,,,,,,,-0.018529,,,,,,,,,,0.015672,,,,,,,,,,0.024146,,,,,,,,,,-0.010171,,,,,,,,,,-0.060381,,,,,,,,,,0.000000,,,,,,,,,,0.007133,,,,,,,,,,-0.011846,,,,,,,,
0.106061,,,0.027553,,,,,,,,,,-0.011288,,,,,,,,,,0.010690,,,,,,,,,,0.032359,,,,,,,,,,-0.003443,,,,,,,,,,-0.066768,,,,,,,,,,0.000000,,,,,,,,,,0.016828,,,,,,,,,,-0.003017,,,,,,,,
0.121212,,,0.020978,,,,,,,,,,-0.002641,,,,,,,,,,0.005120,,,,,,,,,,0.035959,,,,,,,,,,0.002858,,,,,,,,,,-0.068853,,,,,,,,,,0.000000,,,,,,,,,,0.026436,,,,,,,,,,0.007152,,,,,,,,
0.136364,,,0.015139,,,,,,,,,,0.006634,,,,,,,,,,-0.001191,,,,,,,,,,0.034271,,,,,,,,,,0.012897,,,,,,,,,,-0.061554,,,,,,,,,,0.000000,,,,,,,,,,0.024603,,,,,,,,,,0.018174,,,,,,,,
0.151515,,,0.009660,,,,,,,,,,0.014346,,,,,,,,,,-0.006374,,,,,,,,,,0.034046,,,,,,,,,,0.029878,,,,,,,,,,-0.053146,,,,,,,,,,0.000000,,,,,,,,,,0.023770,,,,,,,,,,0.028052,,,,,,,,
0.166667,,,0.000814,,,,,,,,,,0.019543,,,,,,,,,,-0.009674,,,,,,,,,,0.028871,,,,,,,,,,0.039703,,,,,,,,,,-0.045195,,,,,,,,,,0.000000,,,,,,,,,,0.023616,,,,,,,,,,0.035580,,,,,,,,
0.181818,,,-0.005383,,,,,,,,,,0.023680,,,,,,,,,,-0.010794,,,,,,,,,,0.024371,,,,,,,,,,0.033189,,,,,,,,,,-0.034376,,,,,,,,,,0.000000,,,,,,,,,,0.023767,,,,,,,,,,0.039289,,,,,,,,
0.196970,,,-0.010544,,,,,,,,,,0.026879,,,,,,,,,,-0.010568,,,,,,,,,,0.019534,,,,,,,,,,0.034150,,,,,,,,,,-0.023557,,,,,,,,,,0.000000,,,,,,,,,,0.023906,,,,,,,,,,0.041313,,,,,,,,
0.212121,,,-0.016072,,,,,,,,,,0.028490,,,,,,,,,,-0.009990,,,,,,,,,,0.012784,,,,,,,,,,0.030412,,,,,,,,,,-0.013651,,,,,,,,,,0.000000,,,,,,,,,,0.024027,,,,,,,,,,0.041782,,,,,,,,
0.227273,,,-0.019739,,,,,,,,,,0.029363,,,,,,,,,,-0.007922,,,,,,,,,,0.013796,,,,,,,,,,0.019305,,,,,,,,,,-0.003093,,,,,,,,,,0.000000,,,,,,,,,,0.024068,,,,,,,,,,0.042102,,,,,,,,
0.242424,,,-0.020133,,,,,,,,,,0.029245,,,,,,,,,,-0.007435,,,,,,,,,,0.022571,,,,,,,,,,0.000402,,,,,,,,,,0.008965,,,,,,,,,,0.000000,,,,,,,,,,0.023988,,,,,,,,,,0.042801,,,,,,,,
0.257576,,,-0.019756,,,,,,,,,,0.029536,,,,,,,,,,-0.008880,,,,,,,,,,0.039896,,,,,,,,,,-0.019676,,,,,,,,,,0.016394,,,,,,,,,,0.000000,,,,,,,,,,0.018508,,,,,,,,,,0.044720,,,,,,,,
0.272727,,,-0.015797,,,,,,,,,,0.030791,,,,,,,,,,-0.013968,,,,,,,,,,0.057109,,,,,,,,,,-0.039861,,,,,,,,,,0.026497,,,,,,,,,,0.000000,,,,,,,,,,0.012456,,,,,,,,,,0.045361,,,,,,,,
0.287879,,,-0.006527,,,,,,,,,,0.033450,,,,,,,,,,-0.022246,,,,,,,,,,0.076347,,,,,,,,,,-0.052890,,,,,,,,,,0.036859,,,,,,,,,,0.000000,,,,,,,,,,0.006319,,,,,,,,,,0.045722,,,,,,,,
0.303030,,,0.003340,,,,,,,,,,0.036129,,,,,,,,,,-0.033487,,,,,,,,,,0.086247,,,,,,,,,,-0.053638,,,,,,,,,,0.042334,,,,,,,,,,0.000000,,,,,,,,,,0.000186,,,,,,,,,,0.045385,,,,,,,,
0.318182,,,0.014729,,,,,,,,,,0.038425,,,,,,,,,,-0.046705,,,,,,,,,,0.091309,,,,,,,,,,-0.063463,,,,,,,,,,0.045006,,,,,,,,,,0.000000,,,,,,,,,,-0.005867,,,,,,,,,,0.043407,,,,,,,,
0.333333,,,0.029111,,,,,,,,,,0.040465,,,,,,,,,,-0.059917,,,,,,,,,,0.091647,,,,,,,,,,-0.072648,,,,,,,,,,0.043963,,,,,,,,,,0.000000,,,,,,,,,,-0.011820,,,,,,,,,,0.040333,,,,,,,,
0.348485,,,0.043202,,,,,,,,,,0.041348,,,,,,,,,,-0.073700,,,,,,,,,,0.083097,,,,,,,,,,-0.070298,,,,,,,,,,0.040313,,,,,,,,,,0.000000,,,,,,,,,,-0.017730,,,,,,,,,,0.036185,,,,,,,,
0.363636,,,0.054712,,,,,,,,,,0.041808,,,,,,,,,,-0.085348,,,,,,,,,,0.069147,,,,,,,,,,-0.057803,,,,,,,,,,0.033014,,,,,,,,,,0.000000,,,,,,,,,,-0.023520,,,,,,,,,,0.030162,,,,,,,,
0.378788,,,0.064749,,,,,,,,,,0.041295,,,,,,,,,,-0.094772,,,,,,,,,,0.050584,,,,,,,,,,-0.039327,,,,,,,,,,0.023107,,,,,,,,,,0.000000,,,,,,,,,,-0.023921,,,,,,,,,,0.022280,,,,,,,,
0.393939,,,0.070391,,,,,,,,,,0.040923,,,,,,,,,,-0.101196,,,,,,,,,,0.028196,,,,,,,,,,-0.021171,,,,,,,,,,0.011376,,,,,,,,,,0.000000,,,,,,,,,,-0.023827,,,,,,,,,,0.017180,,,,,,,,
0.409091,,,0.072685,,,,,,,,,,0.041143,,,,,,,,,,-0.104462,,,,,,,,,,0.001196,,,,,,,,,,-0.007715,,,,,,,,,,0.000036,,,,,,,,,,0.000000,,,,,,,,,,-0.023677,,,,,,,,,,0.013819,,,,,,,,
0.424242,,,0.072010,,,,,,,,,,0.041407,,,,,,,,,,-0.103179,,,,,,,,,,-0.025691,,,,,,,,,,-0.001200,,,,,,,,,,-0.009871,,,,,,,,,,0.000000,,,,,,,,,,-0.023637,,,,,,,,,,0.013536,,,,,,,,
0.439394,,,0.067672,,,,,,,,,,0.041782,,,,,,,,,,-0.098617,,,,,,,,,,-0.050441,,,,,,,,,,0.011402,,,,,,,,,,-0.018083,,,,,,,,,,0.000000,,,,,,,,,,-0.023599,,,,,,,,,,0.016377,,,,,,,,
0.454545,,,0.060395,,,,,,,,,,0.041705,,,,,,,,,,-0.092647,,,,,,,,,,-0.072379,,,,,,,,,,0.029237,,,,,,,,,,-0.024535,,,,,,,,,,0.000000,,,,,,,,,,-0.023697,,,,,,,,,,0.022009,,,,,,,,
0.469697,,,0.050244,,,,,,,,,,0.040566,,,,,,,,,,-0.083133,,,,,,,,,,-0.088242,,,,,,,,,,0.051771,,,,,,,,,,-0.030075,,,,,,,,,,0.000000,,,,,,,,,,-0.023801,,,,,,,,,,0.028988,,,,,,,,
0.484848,,,0.039339,,,,,,,,,,0.039484,,,,,,,,,,-0.071814,,,,,,,,,,-0.097692,,,,,,,,,,0.066616,,,,,,,,,,-0.033464,,,,,,,,,,0.000000,,,,,,,,,,-0.018039,,,,,,,,,,0.035932,,,,,,,,
0.500000,,,0.027689,,,,,,,,,,0.037657,,,,,,,,,,-0.058540,,,,,,,,,,-0.100392,,,,,,,,,,0.074626,,,,,,,,,,-0.034832,,,,,,,,,,0.000000,,,,,,,,,,-0.012272,,,,,,,,,,0.041090,,,,,,,,
0.515152,,,0.015167,,,,,,,,,,0.035045,,,,,,,,,,-0.045014,,,,,,,,,,-0.096117,,,,,,,,,,0.071956,,,,,,,,,,-0.033790,,,,,,,,,,0.000000,,,,,,,,,,-0.006347,,,,,,,,,,0.043543,,,,,,,,
0.530303,,,0.004892,,,,,,,,,,0.031856,,,,,,,,,,-0.030371,,,,,,,,,,-0.080479,,,,,,,,,,0.072704,,,,,,,,,,-0.031248,,,,,,,,,,0.000000,,,,,,,,,,-0.000345,,,,,,,,,,0.044729,,,,,,,,
0.545455,,,-0.005312,,,,,,,,,,0.029088,,,,,,,,,,-0.020690,,,,,,,,,,-0.063604,,,,,,,,,,0.069286,,,,,,,,,,-0.025513,,,,,,,,,,0.000000,,,,,,,,,,0.005750,,,,,,,,,,0.044090,,,,,,,,
0.560606,,,-0.012392,,,,,,,,,,0.025789,,,,,,,,,,-0.013149,,,,,,,,,,-0.046054,,,,,,,,,,0.060315,,,,,,,,,,-0.020038,,,,,,,,,,0.000000,,,,,,,,,,0.011762,,,,,,,,,,0.042585,,,,,,,,
0.575758,,,-0.018311,,,,,,,,,,0.023136,,,,,,,,,,-0.006892,,,,,,,,,,-0.026029,,,,,,,,,,0.044616,,,,,,,,,,-0.014107,,,,,,,,,,0.000000,,,,,,,,,,0.017773,,,,,,,,,,0.039995,,,,,,,,
0.590909,,,-0.022049,,,,,,,,,,0.021430,,,,,,,,,,-0.003999,,,,,,,,,,-0.007804,,,,,,,,,,0.020052,,,,,,,,,,-0.006547,,,,,,,,,,0.000000,,,,,,,,,,0.023796,,,,,,,,,,0.036626,,,,,,,,
0.606061,,,-0.022650,,,,,,,,,,0.021306,,,,,,,,,,-0.004290,,,,,,,,,,0.005246,,,,,,,,,,0.009266,,,,,,,,,,0.000883,,,,,,,,,,0.000000,,,,,,,,,,0.023874,,,,,,,,,,0.034227,,,,,,,,
0.621212,,,-0.022375,,,,,,,,,,0.022558,,,,,,,,,,-0.006160,,,,,,,,,,0.006371,,,,,,,,,,-0.003443,,,,,,,,,,0.008378,,,,,,,,,,0.000000,,,,,,,,,,0.023983,,,,,,,,,,0.033736,,,,,,,,
0.636364,,,-0.021042,,,,,,,,,,0.023417,,,,,,,,,,-0.006319,,,,,,,,,,0.000409,,,,,,,,,,-0.004618,,,,,,,,,,0.016525,,,,,,,,,,0.000000,,,,,,,,,,0.024080,,,,,,,,,,0.033911,,,,,,,,
0.651515,,,-0.020628,,,,,,,,,,0.024397,,,,,,,,,,-0.007074,,,,,,,,,,-0.012529,,,,,,,,,,-0.008890,,,,,,,,,,0.027344,,,,,,,,,,0.000000,,,,,,,,,,0.024190,,,,,,,,,,0.034007,,,,,,,,
0.666667,,,-0.019929,,,,,,,,,,0.022808,,,,,,,,,,-0.005425,,,,,,,,,,-0.023891,,,,,,,,,,-0.000346,,,,,,,,,,0.039271,,,,,,,,,,0.000000,,,,,,,,,,0.024451,,,,,,,,,,0.031944,,,,,,,,
0.681818,,,-0.017457,,,,,,,,,,0.020142,,,,,,,,,,-0.001511,,,,,,,,,,-0.033679,,,,,,,,,,0.000508,,,,,,,,,,0.050415,,,,,,,,,,0.000000,,,,,,,,,,0.024950,,,,,,,,,,0.027476,,,,,,,,
0.696970,,,-0.012436,,,,,,,,,,0.015231,,,,,,,,,,0.002921,,,,,,,,,,-0.043691,,,,,,,,,,-0.004084,,,,,,,,,,0.059866,,,,,,,,,,0.000000,,,,,,,,,,0.025966,,,,,,,,,,0.020290,,,,,,,,
0.712121,,,-0.005523,,,,,,,,,,0.010277,,,,,,,,,,0.006868,,,,,,,,,,-0.051454,,,,,,,,,,0.001790,,,,,,,,,,0.063255,,,,,,,,,,0.000000,,,,,,,,,,0.027349,,,,,,,,,,0.012337,,,,,,,,
0.727273,,,-0.001331,,,,,,,,,,0.002390,,,,,,,,,,0.013152,,,,,,,,,,-0.060004,,,,,,,,,,0.004567,,,,,,,,,,0.061234,,,,,,,,,,0.000000,,,,,,,,,,0.029400,,,,,,,,,,0.003306,,,,,,,,
0.742424,,,0.000623,,,,,,,,,,-0.006182,,,,,,,,,,0.020314,,,,,,,,,,-0.059217,,,,,,,,,,0.003499,,,,,,,,,,0.055890,,,,,,,,,,0.000000,,,,,,,,,,0.019674,,,,,,,,,,-0.005597,,,,,,,,
0.757576,,,0.002111,,,,,,,,,,-0.013858,,,,,,,,,,0.024595,,,,,,,,,,-0.050441,,,,,,,,,,0.000081,,,,,,,,,,0.048656,,,,,,,,,,0.000000,,,,,,,,,,0.009678,,,,,,,,,,-0.013607,,,,,,,,
0.772727,,,0.003123,,,,,,,,,,-0.021085,,,,,,,,,,0.027163,,,,,,,,,,-0.040316,,,,,,,,,,-0.001948,,,,,,,,,,0.038945,,,,,,,,,,0.000000,,,,,,,,,,-0.000349,,,,,,,,,,-0.020835,,,,,,,,
0.787879,,,0.005591,,,,,,,,,,-0.026440,,,,,,,,,,0.029403,,,,,,,,,,-0.029404,,,,,,,,,,-0.007395,,,,,,,,,,0.026888,,,,,,,,,,0.000000,,,,,,,,,,-0.010552,,,,,,,,,,-0.025741,,,,,,,,
0.803030,,,0.005904,,,,,,,,,,-0.030002,,,,,,,,,,0.029697,,,,,,,,,,-0.019166,,,,,,,,,,-0.006113,,,,,,,,,,0.015091,,,,,,,,,,0.000000,,,,,,,,,,-0.020955,,,,,,,,,,-0.028772,,,,,,,,
0.818182,,,0.003678,,,,,,,,,,-0.031619,,,,,,,,,,0.029217,,,,,,,,,,-0.009941,,,,,,,,,,0.001790,,,,,,,,,,0.005250,,,,,,,,,,0.000000,,,,,,,,,,-0.019993,,,,,,,,,,-0.029864,,,,,,,,
0.833333,,,0.000255,,,,,,,,,,-0.033227,,,,,,,,,,0.029698,,,,,,,,,,-0.004991,,,,,,,,,,0.000081,,,,,,,,,,-0.000225,,,,,,,,,,0.000000,,,,,,,,,,-0.031269,,,,,,,,,,-0.030105,,,,,,,,
0.848485,,,-0.001420,,,,,,,,,,-0.032996,,,,,,,,,,0.029068,,,,,,,,,,0.000409,,,,,,,,,,-0.003229,,,,,,,,,,-0.002245,,,,,,,,,,0.000000,,,,,,,,,,-0.043235,,,,,,,,,,-0.029961,,,,,,,,
0.863636,,,-0.001842,,,,,,,,,,-0.032995,,,,,,,,,,0.028240,,,,,,,,,,0.002884,,,,,,,,,,-0.000987,,,,,,,,,,-0.001919,,,,,,,,,,0.000000,,,,,,,,,,-0.043418,,,,,,,,,,-0.030030,,,,,,,,
0.878788,,,-0.001357,,,,,,,,,,-0.032856,,,,,,,,,,0.027972,,,,,,,,,,0.002321,,,,,,,,,,-0.001521,,,,,,,,,,-0.001463,,,,,,,,,,0.000000,,,,,,,,,,-0.031373,,,,,,,,,,-0.030032,,,,,,,,
0.893939,,,-0.001186,,,,,,,,,,-0.032669,,,,,,,,,,0.027849,,,,,,,,,,0.001984,,,,,,,,,,-0.002268,,,,,,,,,,-0.001007,,,,,,,,,,0.000000,,,,,,,,,,-0.031403,,,,,,,,,,-0.030066,,,,,,,,
0.909091,,,-0.000948,,,,,,,,,,-0.032343,,,,,,,,,,0.027764,,,,,,,,,,0.001984,,,,,,,,,,-0.001627,,,,,,,,,,-0.001203,,,,,,,,,,0.000000,,,,,,,,,,-0.019520,,,,,,,,,,-0.030127,,,,,,,,
0.924242,,,-0.001122,,,,,,,,,,-0.032292,,,,,,,,,,0.027537,,,,,,,,,,0.001534,,,,,,,,,,-0.002055,,,,,,,,,,-0.001007,,,,,,,,,,0.000000,,,,,,,,,,-0.007601,,,,,,,,,,-0.030161,,,,,,,,
0.939394,,,-0.000999,,,,,,,,,,-0.032439,,,,,,,,,,0.027981,,,,,,,,,,0.001421,,,,,,,,,,-0.002268,,,,,,,,,,-0.001333,,,,,,,,,,0.000000,,,,,,,,,,-0.007463,,,,,,,,,,-0.030100,,,,,,,,
0.954545,,,-0.000841,,,,,,,,,,-0.032247,,,,,,,,,,0.027949,,,,,,,,,,0.001646,,,,,,,,,,-0.002695,,,,,,,,,,-0.001528,,,,,,,,,,0.000000,,,,,,,,,,0.004534,,,,,,,,,,-0.030047,,,,,,,,
0.969697,,,-0.000923,,,,,,,,,,-0.032160,,,,,,,,,,0.028005,,,,,,,,,,0.001646,,,,,,,,,,-0.003550,,,,,,,,,,-0.001463,,,,,,,,,,0.000000,,,,,,,,,,0.016557,,,,,,,,,,-0.029993,,,,,,,,
0.984848,,,-0.000872,,,,,,,,,,-0.031723,,,,,,,,,,0.027788,,,,,,,,,,0.001646,,,,,,,,,,-0.003123,,,,,,,,,,-0.001398,,,,,,,,,,0.000000,,,,,,,,,,0.028418,,,,,,,,,,-0.030005,,,,,,,,
1.000000,,,-0.000960,,,,,,,,,,-0.031916,,,,,,,,,,0.027936,,,,,,,,,,0.001534,,,,,,,,,,-0.003016,,,,,,,,,,-0.001463,,,,,,,,,,0.000000,,,,,,,,,,0.016418,,,,,,,,,,-0.029946,,,,,,,,
0.000000,,,,0.003041,,,,,,,,,,-0.030968,,,,,,,,,,0.028364,,,,,,,,,,0.003896,,,,,,,,,,-0.004191,,,,,,,,,,-0.003223,,,,,,,,,,0.000000,,,,,,,,,,0.039812,,,,,,,,,,-0.030566,,,,,,,
0.017241,,,,0.005812,,,,,,,,,,-0.030616,,,,,,,,,,0.028695,,,,,,,,,,0.006934,,,,,,,,,,-0.008890,,,,,,,,,,-0.007068,,,,,,,,,,0.000000,,,,,,,,,,0.039590,,,,,,,,,,-0.030706,,,,,,,
0.034483,,,,0.008869,,,,,,,,,,-0.029365,,,,,,,,,,0.029116,,,,,,,,,,0.010984,,,,,,,,,,-0.014550,,,,,,,,,,-0.014172,,,,,,,,,,0.000000,,,,,,,,,,0.038655,,,,,,,,,,-0.030326,,,,,,,
0.051724,,,,0.012065,,,,,,,,,,-0.027461,,,,,,,,,,0.028262,,,,,,,,,,0.017959,,,,,,,,,,-0.019142,,,,,,,,,,-0.023557,,,,,,,,,,0.000000,,,,,,,,,,0.037223,,,,,,,,,,-0.029176,,,,,,,
0.068966,,,,0.014490,,,,,,,,,,-0.024203,,,,,,,,,,0.026023,,,,,,,,,,0.028196,,,,,,,,,,-0.020103,,,,,,,,,,-0.033790,,,,,,,,,,0.000000,,,,,,,,,,0.035323,,,,,,,,,,-0.025780,,,,,,,
0.086207,,,,0.015951,,,,,,,,,,-0.019356,,,,,,,,,,0.022800,,,,,,,,,,0.037984,,,,,,,,,,-0.020424,,,,,,,,,,-0.045130,,,,,,,,,,0.000000,,,,,,,,,,0.033261,,,,,,,,,,-0.019601,,,,,,,
0.103448,,,,0.014802,,,,,,,,,,-0.012628,,,,,,,,,,0.018333,,,,,,,,,,0.048221,,,,,,,,,,-0.014870,,,,,,,,,,-0.054971,,,,,,,,,,0.000000,,,,,,,,,,0.031216,,,,,,,,,,-0.012157,,,,,,,
0.120690,,,,0.010787,,,,,,,,,,-0.004930,,,,,,,,,,0.011908,,,,,,,,,,0.054746,,,,,,,,,,-0.006861,,,,,,,,,,-0.061815,,,,,,,,,,0.000000,,,,,,,,,,0.029182,,,,,,,,,,-0.003557,,,,,,,
0.137931,,,,0.005439,,,,,,,,,,0.002830,,,,,,,,,,0.005953,,,,,,,,,,0.055871,,,,,,,,,,0.003926,,,,,,,,,,-0.064747,,,,,,,,,,0.000000,,,,,,,,,,0.027383,,,,,,,,,,0.005758,,,,,,,
0.155172,,,,-0.001803,,,,,,,,,,0.010540,,,,,,,,,,0.000436,,,,,,,,,,0.053621,,,,,,,,,,0.016849,,,,,,,,,,-0.063770,,,,,,,,,,0.000000,,,,,,,,,,0.025857,,,,,,,,,,0.014783,,,,,,,
0.172414,,,,-0.009035,,,,,,,,,,0.017334,,,,,,,,,,-0.005148,,,,,,,,,,0.049009,,,,,,,,,,0.036820,,,,,,,,,,-0.058230,,,,,,,,,,0.000000,,,,,,,,,,0.024869,,,,,,,,,,0.022810,,,,,,,
0.189655,,,,-0.022173,,,,,,,,,,0.022595,,,,,,,,,,-0.009552,,,,,,,,,,0.042596,,,,,,,,,,0.068218,,,,,,,,,,-0.050409,,,,,,,,,,0.000000,,,,,,,,,,0.024562,,,,,,,,,,0.028666,,,,,,,
0.206897,,,,-0.034178,,,,,,,,,,0.027055,,,,,,,,,,-0.011371,,,,,,,,,,0.033821,,,,,,,,,,0.073665,,,,,,,,,,-0.040177,,,,,,,,,,0.000000,,,,,,,,,,0.024850,,,,,,,,,,0.031941,,,,,,,
0.224138,,,,-0.047301,,,,,,,,,,0.029573,,,,,,,,,,-0.013349,,,,,,,,,,0.023471,,,,,,,,,,0.079859,,,,,,,,,,-0.027468,,,,,,,,,,0.000000,,,,,,,,,,0.025334,,,,,,,,,,0.032356,,,,,,,
0.241379,,,,-0.059579,,,,,,,,,,0.030985,,,,,,,,,,-0.014568,,,,,,,,,,0.016159,,,,,,,,,,0.084665,,,,,,,,,,-0.011761,,,,,,,,,,0.000000,,,,,,,,,,0.025819,,,,,,,,,,0.031402,,,,,,,
0.258621,,,,-0.067431,,,,,,,,,,0.032493,,,,,,,,,,-0.015257,,,,,,,,,,0.011771,,,,,,,,,,0.076335,,,,,,,,,,0.003816,,,,,,,,,,0.000000,,,,,,,,,,0.026113,,,,,,,,,,0.029835,,,,,,,
0.275862,,,,-0.072942,,,,,,,,,,0.034390,,,,,,,,,,-0.017206,,,,,,,,,,0.011771,,,,,,,,,,0.064694,,,,,,,,,,0.018741,,,,,,,,,,0.000000,,,,,,,,,,0.026325,,,,,,,,,,0.028536,,,,,,,
0.293103,,,,-0.073886,,,,,,,,,,0.036637,,,,,,,,,,-0.020309,,,,,,,,,,0.015596,,,,,,,,,,0.052412,,,,,,,,,,0.033861,,,,,,,,,,0.000000,,,,,,,,,,0.026392,,,,,,,,,,0.028099,,,,,,,
0.310345,,,,-0.071463,,,,,,,,,,0.039367,,,,,,,,,,-0.024643,,,,,,,,,,0.017846,,,,,,,,,,0.028383,,,,,,,,,,0.046635,,,,,,,,,,0.000000,,,,,,,,,,0.026316,,,,,,,,,,0.028657,,,,,,,
0.327586,,,,-0.059383,,,,,,,,,,0.042790,,,,,,,,,,-0.028383,,,,,,,,,,0.017059,,,,,,,,,,-0.013696,,,,,,,,,,0.057715,,,,,,,,,,0.000000,,,,,,,,,,0.025972,,,,,,,,,,0.030851,,,,,,,
0.344828,,,,-0.048333,,,,,,,,,,0.045448,,,,,,,,,,-0.034348,,,,,,,,,,0.013796,,,,,,,,,,-0.017434,,,,,,,,,,0.059540,,,,,,,,,,0.000000,,,,,,,,,,0.025412,,,,,,,,,,0.034023,,,,,,,
0.362069,,,,-0.033145,,,,,,,,,,0.048857,,,,,,,,,,-0.038035,,,,,,,,,,0.012446,,,,,,,,,,-0.028220,,,,,,,,,,0.059605,,,,,,,,,,0.000000,,,,,,,,,,0.024779,,,,,,,,,,0.037563,,,,,,,
0.379310,,,,-0.016818,,,,,,,,,,0.051543,,,,,,,,,,-0.041188,,,,,,,,,,0.008171,,,,,,,,,,-0.040395,,,,,,,,,,0.054782,,,,,,,,,,0.000000,,,,,,,,,,0.024114,,,,,,,,,,0.041119,,,,,,,
0.396552,,,,-0.001894,,,,,,,,,,0.053211,,,,,,,,,,-0.043108,,,,,,,,,,0.003559,,,,,,,,,,-0.043813,,,,,,,,,,0.046896,,,,,,,,,,0.000000,,,,,,,,,,0.023587,,,,,,,,,,0.043705,,,,,,,
0.413793,,,,0.011653,,,,,,,,,,0.054132,,,,,,,,,,-0.044918,,,,,,,,,,-0.000154,,,,,,,,,,-0.042851,,,,,,,,,,0.036142,,,,,,,,,,0.000000,,,,,,,,,,0.023119,,,,,,,,,,0.046055,,,,,,,
0.431034,,,,0.022039,,,,,,,,,,0.053963,,,,,,,,,,-0.046104,,,,,,,,,,-0.006791,,,,,,,,,,-0.037405,,,,,,,,,,0.021217,,,,,,,,,,0.000000,,,,,,,,,,0.022708,,,,,,,,,,0.047810,,,,,,,
0.448276,,,,0.026435,,,,,,,,,,0.053584,,,,,,,,,,-0.045482,,,,,,,,,,-0.012641,,,,,,,,,,-0.024162,,,,,,,,,,0.004663,,,,,,,,,,0.000000,,,,,,,,,,0.022493,,,,,,,,,,0.048526,,,,,,,
0.465517,,,,0.024967,,,,,,,,,,0.053504,,,,,,,,,,-0.044613,,,,,,,,,,-0.018041,,,,,,,,,,-0.005365,,,,,,,,,,-0.011370,,,,,,,,,,0.000000,,,,,,,,,,0.022499,,,,,,,,,,0.048419,,,,,,,
0.482759,,,,0.022732,,,,,,,,,,0.053363,,,,,,,,,,-0.042292,,,,,,,,,,-0.022316,,,,,,,,,,0.001042,,,,,,,,,,-0.020429,,,,,,,,,,0.000000,,,,,,,,,,0.022660,,,,,,,,,,0.047564,,,,,,,
0.500000,,,,0.016454,,,,,,,,,,0.052234,,,,,,,,,,-0.040062,,,,,,,,,,-0.026704,,,,,,,,,,0.019625,,,,,,,,,,-0.030987,,,,,,,,,,0.000000,,,,,,,,,,0.022909,,,,,,,,,,0.045980,,,,,,,
0.517241,,,,0.005394,,,,,,,,,,0.049617,,,,,,,,,,-0.037863,,,,,,,,,,-0.027266,,,,,,,,,,0.037460,,,,,,,,,,-0.040698,,,,,,,,,,0.000000,,,,,,,,,,0.023286,,,,,,,,,,0.043474,,,,,,,
0.534483,,,,-0.008942,,,,,,,,,,0.046651,,,,,,,,,,-0.035075,,,,,,,,,,-0.028729,,,,,,,,,,0.046004,,,,,,,,,,-0.047932,,,,,,,,,,0.000000,,,,,,,,,,0.023726,,,,,,,,,,0.040730,,,,,,,
0.551724,,,,-0.023481,,,,,,,,,,0.043632,,,,,,,,,,-0.030759,,,,,,,,,,-0.030866,,,,,,,,,,0.053160,,,,,,,,,,-0.051778,,,,,,,,,,0.000000,,,,,,,,,,0.024295,,,,,,,,,,0.036609,,,,,,,
0.568966,,,,-0.039073,,,,,,,,,,0.040207,,,,,,,,,,-0.025986,,,,,,,,,,-0.029629,,,,,,,,,,0.052839,,,,,,,,,,-0.052169,,,,,,,,,,0.000000,,,,,,,,,,0.024979,,,,,,,,,,0.031906,,,,,,,
0.586207,,,,-0.052587,,,,,,,,,,0.036602,,,,,,,,,,-0.021909,,,,,,,,,,-0.025691,,,,,,,,,,0.052626,,,,,,,,,,-0.048910,,,,,,,,,,0.000000,,,,,,,,,,0.025659,,,,,,,,,,0.027688,,,,,,,
0.603448,,,,-0.063979,,,,,,,,,,0.032070,,,,,,,,,,-0.016645,,,,,,,,,,-0.020291,,,,,,,,,,0.049101,,,,,,,,,,-0.044283,,,,,,,,,,0.000000,,,,,,,,,,0.026281,,,,,,,,,,0.023759,,,,,,,
0.620690,,,,-0.075570,,,,,,,,,,0.028604,,,,,,,,,,-0.014784,,,,,,,,,,-0.013091,,,,,,,,,,0.039276,,,,,,,,,,-0.037505,,,,,,,,,,0.000000,,,,,,,,,,0.026926,,,,,,,,,,0.020034,,,,,,,
0.637931,,,,-0.085363,,,,,,,,,,0.025721,,,,,,,,,,-0.013014,,,,,,,,,,-0.005216,,,,,,,,,,0.028062,,,,,,,,,,-0.026686,,,,,,,,,,0.000000,,,,,,,,,,0.027470,,,,,,,,,,0.017209,,,,,,,
0.655172,,,,-0.089666,,,,,,,,,,0.024143,,,,,,,,,,-0.011792,,,,,,,,,,-0.002179,,,,,,,,,,0.007664,,,,,,,,,,-0.015280,,,,,,,,,,0.000000,,,,,,,,,,0.027800,,,,,,,,,,0.015610,,,,,,,
0.672414,,,,-0.089453,,,,,,,,,,0.023648,,,,,,,,,,-0.011753,,,,,,,,,,0.002884,,,,,,,,,,-0.007181,,,,,,,,,,-0.003549,,,,,,,,,,0.000000,,,,,,,,,,0.027905,,,,,,,,,,0.015072,,,,,,,
0.689655,,,,-0.087514,,,,,,,,,,0.024228,,,,,,,,,,-0.012621,,,,,,,,,,0.006259,,,,,,,,,,-0.024055,,,,,,,,,,0.006879,,,,,,,,,,0.000000,,,,,,,,,,0.027797,,,,,,,,,,0.016067,,,,,,,
0.706897,,,,-0.082095,,,,,,,,,,0.026544,,,,,,,,,,-0.014288,,,,,,,,,,0.008621,,,,,,,,,,-0.046269,,,,,,,,,,0.016460,,,,,,,,,,0.000000,,,,,,,,,,0.027514,,,,,,,,,,0.018722,,,,,,,
0.724138,,,,-0.074388,,,,,,,,,,0.028351,,,,,,,,,,-0.016491,,,,,,,,,,0.006146,,,,,,,,,,-0.066560,,,,,,,,,,0.026171,,,,,,,,,,0.000000,,,,,,,,,,0.027043,,,,,,,,,,0.021868,,,,,,,
0.741379,,,,-0.063681,,,,,,,,,,0.030516,,,,,,,,,,-0.020088,,,,,,,,,,-0.002966,,,,,,,,,,-0.075425,,,,,,,,,,0.038554,,,,,,,,,,0.000000,,,,,,,,,,0.026454,,,,,,,,,,0.025489,,,,,,,
0.758621,,,,-0.046516,,,,,,,,,,0.030164,,,,,,,,,,-0.018516,,,,,,,,,,-0.017479,,,,,,,,,,-0.080871,,,,,,,,,,0.049894,,,,,,,,,,0.000000,,,,,,,,,,0.025720,,,,,,,,,,0.026698,,,,,,,
0.775862,,,,-0.027848,,,,,,,,,,0.028015,,,,,,,,,,-0.017492,,,,,,,,,,-0.030641,,,,,,,,,,-0.081192,,,,,,,,,,0.057389,,,,,,,,,,0.000000,,,,,,,,,,0.024906,,,,,,,,,,0.026315,,,,,,,
0.793103,,,,-0.009111,,,,,,,,,,0.024491,,,,,,,,,,-0.014032,,,,,,,,,,-0.042454,,,,,,,,,,-0.071260,,,,,,,,,,0.061625,,,,,,,,,,0.000000,,,,,,,,,,0.024426,,,,,,,,,,0.022716,,,,,,,
0.810345,,,,0.005739,,,,,,,,,,0.019660,,,,,,,,,,-0.008752,,,,,,,,,,-0.052129,,,,,,,,,,-0.051609,,,,,,,,,,0.059801,,,,,,,,,,0.000000,,,,,,,,,,0.024433,,,,,,,,,,0.017377,,,,,,,
0.827586,,,,0.017300,,,,,,,,,,0.012995,,,,,,,,,,-0.003590,,,,,,,,,,-0.056404,,,,,,,,,,-0.035162,,,,,,,,,,0.055499,,,,,,,,,,0.000000,,,,,,,,,,0.025174,,,,,,,,,,0.010132,,,,,,,
0.844828,,,,0.024266,,,,,,,,,,0.003807,,,,,,,,,,0.002997,,,,,,,,,,-0.063604,,,,,,,,,,-0.015618,,,,,,,,,,0.051589,,,,,,,,,,0.000000,,,,,,,,,,0.026378,,,,,,,,,,0.001897,,,,,,,
0.862069,,,,0.029119,,,,,,,,,,-0.004605,,,,,,,,,,0.009592,,,,,,,,,,-0.064504,,,,,,,,,,0.005101,,,,,,,,,,0.046179,,,,,,,,,,0.000000,,,,,,,,,,0.027937,,,,,,,,,,-0.006969,,,,,,,
0.879310,,,,0.031263,,,,,,,,,,-0.012469,,,,,,,,,,0.016237,,,,,,,,,,-0.057416,,,,,,,,,,0.011829,,,,,,,,,,0.035425,,,,,,,,,,0.000000,,,,,,,,,,0.018054,,,,,,,,,,-0.016226,,,,,,,
0.896552,,,,0.028682,,,,,,,,,,-0.019265,,,,,,,,,,0.020181,,,,,,,,,,-0.044141,,,,,,,,,,0.016955,,,,,,,,,,0.024085,,,,,,,,,,0.000000,,,,,,,,,,0.020284,,,,,,,,,,-0.023320,,,,,,,
0.913793,,,,0.024719,,,,,,,,,,-0.024057,,,,,,,,,,0.023642,,,,,,,,,,-0.032329,,,,,,,,,,0.014713,,,,,,,,,,0.014570,,,,,,,,,,0.000000,,,,,,,,,,0.022514,,,,,,,,,,-0.029243,,,,,,,
0.931034,,,,0.020655,,,,,,,,,,-0.026925,,,,,,,,,,0.024899,,,,,,,,,,-0.020516,,,,,,,,,,0.007664,,,,,,,,,,0.007726,,,,,,,,,,0.000000,,,,,,,,,,0.024222,,,,,,,,,,-0.031949,,,,,,,
0.948276,,,,0.018398,,,,,,,,,,-0.029305,,,,,,,,,,0.024457,,,,,,,,,,-0.012979,,,,,,,,,,-0.002161,,,,,,,,,,0.004989,,,,,,,,,,0.000000,,,,,,,,,,0.025764,,,,,,,,,,-0.033565,,,,,,,
0.965517,,,,0.017496,,,,,,,,,,-0.030785,,,,,,,,,,0.024785,,,,,,,,,,-0.009604,,,,,,,,,,-0.007074,,,,,,,,,,0.003360,,,,,,,,,,0.000000,,,,,,,,,,0.026735,,,,,,,,,,-0.034039,,,,,,,
0.982759,,,,0.017847,,,,,,,,,,-0.030591,,,,,,,,,,0.023863,,,,,,,,,,-0.003079,,,,,,,,,,-0.004725,,,,,,,,,,0.000622,,,,,,,,,,0.000000,,,,,,,,,,0.027183,,,,,,,,,,-0.034494,,,,,,,
1.000000,,,,0.018620,,,,,,,,,,-0.030515,,,,,,,,,,0.023626,,,,,,,,,,0.000859,,,,,,,,,,-0.008142,,,,,,,,,,-0.001528,,,,,,,,,,0.000000,,,,,,,,,,0.027556,,,,,,,,,,-0.034938,,,,,,,
0.000000,,,,,0.016827,,,,,,,,,,-0.032114,,,,,,,,,,0.023062,,,,,,,,,,-0.000154,,,,,,,,,,-0.000132,,,,,,,,,,0.001861,,,,,,,,,,0.000000,,,,,,,,,,0.004708,,,,,,,,,,-0.034727,,,,,,
0.017857,,,,,0.016089,,,,,,,,,,-0.032567,,,,,,,,,,0.022990,,,,,,,,,,-0.001279,,,,,,,,,,0.000829,,,,,,,,,,0.002317,,,,,,,,,,0.000000,,,,,,,,,,-0.007040,,,,,,,,,,-0.034722,,,,,,
0.035714,,,,,0.015496,,,,,,,,,,-0.032986,,,,,,,,,,0.023480,,,,,,,,,,-0.002291,,,,,,,,,,0.000081,,,,,,,,,,0.002838,,,,,,,,,,0.000000,,,,,,,,,,-0.018930,,,,,,,,,,-0.034381,,,,,,
0.053571,,,,,0.015401,,,,,,,,,,-0.033888,,,,,,,,,,0.023844,,,,,,,,,,-0.002854,,,,,,,,,,0.000188,,,,,,,,,,0.002969,,,,,,,,,,0.000000,,,,,,,,,,-0.030280,,,,,,,,,,-0.034235,,,,,,
0.071429,,,,,0.015079,,,,,,,,,,-0.034515,,,,,,,,,,0.023904,,,,,,,,,,-0.002966,,,,,,,,,,0.000188,,,,,,,,,,0.002382,,,,,,,,,,0.000000,,,,,,,,,,-0.041972,,,,,,,,,,-0.034015,,,,,,
0.089286,,,,,0.014629,,,,,,,,,,-0.034838,,,,,,,,,,0.024811,,,,,,,,,,-0.002179,,,,,,,,,,-0.000132,,,,,,,,,,0.001404,,,,,,,,,,0.000000,,,,,,,,,,-0.041841,,,,,,,,,,-0.033641,,,,,,
0.107143,,,,,0.015191,,,,,,,,,,-0.034883,,,,,,,,,,0.025104,,,,,,,,,,0.000071,,,,,,,,,,-0.000666,,,,,,,,,,-0.000746,,,,,,,,,,0.000000,,,,,,,,,,-0.041712,,,,,,,,,,-0.033578,,,,,,
0.125000,,,,,0.017964,,,,,,,,,,-0.034624,,,,,,,,,,0.026362,,,,,,,,,,0.003671,,,,,,,,,,-0.004618,,,,,,,,,,-0.007003,,,,,,,,,,0.000000,,,,,,,,,,-0.041764,,,,,,,,,,-0.033420,,,,,,
0.142857,,,,,0.021798,,,,,,,,,,-0.034144,,,,,,,,,,0.027186,,,,,,,,,,0.010984,,,,,,,,,,-0.014764,,,,,,,,,,-0.020494,,,,,,,,,,0.000000,,,,,,,,,,-0.043152,,,,,,,,,,-0.032339,,,,,,
0.160714,,,,,0.024642,,,,,,,,,,-0.031527,,,,,,,,,,0.026138,,,,,,,,,,0.021559,,,,,,,,,,-0.016366,,,,,,,,,,-0.036853,,,,,,,,,,0.000000,,,,,,,,,,-0.033233,,,,,,,,,,-0.029074,,,,,,
0.178571,,,,,0.024339,,,,,,,,,,-0.026667,,,,,,,,,,0.023100,,,,,,,,,,0.032359,,,,,,,,,,-0.012521,,,,,,,,,,-0.050996,,,,,,,,,,0.000000,,,,,,,,,,-0.023427,,,,,,,,,,-0.023039,,,,,,
0.196429,,,,,0.023361,,,,,,,,,,-0.020493,,,,,,,,,,0.019666,,,,,,,,,,0.039559,,,,,,,,,,-0.016900,,,,,,,,,,-0.064291,,,,,,,,,,0.000000,,,,,,,,,,-0.013853,,,,,,,,,,-0.014918,,,,,,
0.214286,,,,,0.020733,,,,,,,,,,-0.012338,,,,,,,,,,0.015095,,,,,,,,,,0.046534,,,,,,,,,,-0.006220,,,,,,,,,,-0.072634,,,,,,,,,,0.000000,,,,,,,,,,-0.004261,,,,,,,,,,-0.005735,,,,,,
0.232143,,,,,0.015530,,,,,,,,,,-0.003499,,,,,,,,,,0.010043,,,,,,,,,,0.049571,,,,,,,,,,-0.000559,,,,,,,,,,-0.078499,,,,,,,,,,0.000000,,,,,,,,,,0.005361,,,,,,,,,,0.004351,,,,,,
0.250000,,,,,0.010000,,,,,,,,,,0.005300,,,,,,,,,,0.004583,,,,,,,,,,0.048671,,,,,,,,,,0.000829,,,,,,,,,,-0.079281,,,,,,,,,,0.000000,,,,,,,,,,0.015069,,,,,,,,,,0.014803,,,,,,
0.267857,,,,,0.000925,,,,,,,,,,0.013227,,,,,,,,,,-0.002189,,,,,,,,,,0.044846,,,,,,,,,,0.015887,,,,,,,,,,-0.073807,,,,,,,,,,0.000000,,,,,,,,,,0.024925,,,,,,,,,,0.024988,,,,,,
0.285714,,,,,-0.009959,,,,,,,,,,0.020164,,,,,,,,,,-0.006874,,,,,,,,,,0.036521,,,,,,,,,,0.035752,,,,,,,,,,-0.059403,,,,,,,,,,0.000000,,,,,,,,,,0.024338,,,,,,,,,,0.033339,,,,,,
0.303571,,,,,-0.017783,,,,,,,,,,0.025522,,,,,,,,,,-0.008509,,,,,,,,,,0.027859,,,,,,,,,,0.035004,,,,,,,,,,-0.043761,,,,,,,,,,0.000000,,,,,,,,,,0.024314,,,,,,,,,,0.038612,,,,,,
0.321429,,,,,-0.026532,,,,,,,,,,0.028648,,,,,,,,,,-0.008867,,,,,,,,,,0.020884,,,,,,,,,,0.024645,,,,,,,,,,-0.026686,,,,,,,,,,0.000000,,,,,,,,,,0.024464,,,,,,,,,,0.040659,,,,,,
0.339286,,,,,-0.032078,,,,,,,,,,0.032226,,,,,,,,,,-0.009291,,,,,,,,,,0.023809,,,,,,,,,,0.020052,,,,,,,,,,-0.006677,,,,,,,,,,0.000000,,,,,,,,,,0.024528,,,,,,,,,,0.041332,,,,,,
0.357143,,,,,-0.033468,,,,,,,,,,0.034438,,,,,,,,,,-0.010760,,,,,,,,,,0.027521,,,,,,,,,,0.002217,,,,,,,,,,0.010007,,,,,,,,,,0.000000,,,,,,,,,,0.024466,,,,,,,,,,0.042379,,,,,,
0.375000,,,,,-0.030466,,,,,,,,,,0.036269,,,,,,,,,,-0.014414,,,,,,,,,,0.033596,,,,,,,,,,-0.012307,,,,,,,,,,0.024150,,,,,,,,,,0.000000,,,,,,,,,,0.024290,,,,,,,,,,0.043981,,,,,,
0.392857,,,,,-0.025903,,,,,,,,,,0.037905,,,,,,,,,,-0.018222,,,,,,,,,,0.040459,,,,,,,,,,-0.025443,,,,,,,,,,0.033731,,,,,,,,,,0.000000,,,,,,,,,,0.024049,,,,,,,,,,0.045791,,,,,,
0.410714,,,,,-0.018162,,,,,,,,,,0.040195,,,,,,,,,,-0.023067,,,,,,,,,,0.049009,,,,,,,,,,-0.043172,,,,,,,,,,0.040313,,,,,,,,,,0.000000,,,,,,,,,,0.017862,,,,,,,,,,0.046692,,,,,,
0.428571,,,,,-0.007960,,,,,,,,,,0.042566,,,,,,,,,,-0.031089,,,,,,,,,,0.058459,,,,,,,,,,-0.059191,,,,,,,,,,0.043833,,,,,,,,,,0.000000,,,,,,,,,,0.011604,,,,,,,,,,0.047227,,,,,,
0.446429,,,,,0.003530,,,,,,,,,,0.044945,,,,,,,,,,-0.040791,,,,,,,,,,0.063409,,,,,,,,,,-0.066026,,,,,,,,,,0.047808,,,,,,,,,,0.000000,,,,,,,,,,0.005268,,,,,,,,,,0.048203,,,,,,
0.464286,,,,,0.018874,,,,,,,,,,0.047278,,,,,,,,,,-0.051104,,,,,,,,,,0.064422,,,,,,,,,,-0.059832,,,,,,,,,,0.046375,,,,,,,,,,0.000000,,,,,,,,,,-0.001064,,,,,,,,,,0.048352,,,,,,
0.482143,,,,,0.031562,,,,,,,,,,0.047905,,,,,,,,,,-0.061681,,,,,,,,,,0.055984,,,,,,,,,,-0.050861,,,,,,,,,,0.039597,,,,,,,,,,0.000000,,,,,,,,,,-0.007271,,,,,,,,,,0.047016,,,,,,
0.500000,,,,,0.041870,,,,,,,,,,0.047770,,,,,,,,,,-0.069418,,,,,,,,,,0.045521,,,,,,,,,,-0.042317,,,,,,,,,,0.031189,,,,,,,,,,0.000000,,,,,,,,,,-0.013427,,,,,,,,,,0.043964,,,,,,
0.517857,,,,,0.050289,,,,,,,,,,0.047422,,,,,,,,,,-0.074929,,,,,,,,,,0.033259,,,,,,,,,,-0.031638,,,,,,,,,,0.021999,,,,,,,,,,0.000000,,,,,,,,,,-0.019511,,,,,,,,,,0.039588,,,,,,
0.535714,,,,,0.055941,,,,,,,,,,0.047282,,,,,,,,,,-0.079381,,,,,,,,,,0.018746,,,,,,,,,,-0.015404,,,,,,,,,,0.011832,,,,,,,,,,0.000000,,,,,,,,,,-0.025520,,,,,,,,,,0.036016,,,,,,
0.553571,,,,,0.058511,,,,,,,,,,0.046958,,,,,,,,,,-0.081513,,,,,,,,,,0.000296,,,,,,,,,,-0.002375,,,,,,,,,,0.000362,,,,,,,,,,0.000000,,,,,,,,,,-0.025588,,,,,,,,,,0.034560,,,,,,
0.571429,,,,,0.057716,,,,,,,,,,0.046584,,,,,,,,,,-0.080079,,,,,,,,,,-0.019391,,,,,,,,,,0.015140,,,,,,,,,,-0.011174,,,,,,,,,,0.000000,,,,,,,,,,-0.025579,,,,,,,,,,0.035859,,,,,,
0.589286,,,,,0.049934,,,,,,,,,,0.046146,,,,,,,,,,-0.075536,,,,,,,,,,-0.037841,,,,,,,,,,0.046325,,,,,,,,,,-0.024535,,,,,,,,,,0.000000,,,,,,,,,,-0.019479,,,,,,,,,,0.038504,,,,,,
0.607143,,,,,0.039051,,,,,,,,,,0.045603,,,,,,,,,,-0.067929,,,,,,,,,,-0.052241,,,,,,,,,,0.064587,,,,,,,,,,-0.035810,,,,,,,,,,0.000000,,,,,,,,,,-0.013283,,,,,,,,,,0.040162,,,,,,
0.625000,,,,,0.023735,,,,,,,,,,0.044068,,,,,,,,,,-0.058031,,,,,,,,,,-0.061467,,,,,,,,,,0.081888,,,,,,,,,,-0.044413,,,,,,,,,,0.000000,,,,,,,,,,-0.007001,,,,,,,,,,0.040687,,,,,,
0.642857,,,,,0.008041,,,,,,,,,,0.042340,,,,,,,,,,-0.047640,,,,,,,,,,-0.065517,,,,,,,,,,0.075694,,,,,,,,,,-0.048389,,,,,,,,,,0.000000,,,,,,,,,,-0.000568,,,,,,,,,,0.040443,,,,,,
0.660714,,,,,-0.007552,,,,,,,,,,0.040280,,,,,,,,,,-0.037326,,,,,,,,,,-0.065967,,,,,,,,,,0.074412,,,,,,,,,,-0.049953,,,,,,,,,,0.000000,,,,,,,,,,0.005894,,,,,,,,,,0.040000,,,,,,
0.678571,,,,,-0.022934,,,,,,,,,,0.037279,,,,,,,,,,-0.028307,,,,,,,,,,-0.058204,,,,,,,,,,0.066189,,,,,,,,,,-0.048258,,,,,,,,,,0.000000,,,,,,,,,,0.012321,,,,,,,,,,0.038225,,,,,,
0.696429,,,,,-0.038288,,,,,,,,,,0.033342,,,,,,,,,,-0.019600,,,,,,,,,,-0.050666,,,,,,,,,,0.053480,,,,,,,,,,-0.042719,,,,,,,,,,0.000000,,,,,,,,,,0.018735,,,,,,,,,,0.035750,,,,,,
0.714286,,,,,-0.048109,,,,,,,,,,0.030639,,,,,,,,,,-0.012480,,,,,,,,,,-0.034691,,,,,,,,,,0.020693,,,,,,,,,,-0.032551,,,,,,,,,,0.000000,,,,,,,,,,0.025041,,,,,,,,,,0.032446,,,,,,
0.732143,,,,,-0.050571,,,,,,,,,,0.029593,,,,,,,,,,-0.008656,,,,,,,,,,-0.017479,,,,,,,,,,-0.015298,,,,,,,,,,-0.016453,,,,,,,,,,0.000000,,,,,,,,,,0.025192,,,,,,,,,,0.029852,,,,,,
0.750000,,,,,-0.050120,,,,,,,,,,0.028831,,,,,,,,,,-0.008997,,,,,,,,,,-0.004654,,,,,,,,,,-0.032385,,,,,,,,,,0.001730,,,,,,,,,,0.000000,,,,,,,,,,0.025199,,,,,,,,,,0.029708,,,,,,
0.767857,,,,,-0.042536,,,,,,,,,,0.028858,,,,,,,,,,-0.010379,,,,,,,,,,-0.001504,,,,,,,,,,-0.049473,,,,,,,,,,0.021608,,,,,,,,,,0.000000,,,,,,,,,,0.025084,,,,,,,,,,0.030361,,,,,,
0.785714,,,,,-0.032379,,,,,,,,,,0.027834,,,,,,,,,,-0.011213,,,,,,,,,,-0.006566,,,,,,,,,,-0.044880,,,,,,,,,,0.038032,,,,,,,,,,0.000000,,,,,,,,,,0.024824,,,,,,,,,,0.029967,,,,,,
0.803571,,,,,-0.019731,,,,,,,,,,0.025236,,,,,,,,,,-0.010162,,,,,,,,,,-0.013541,,,,,,,,,,-0.041036,,,,,,,,,,0.051198,,,,,,,,,,0.000000,,,,,,,,,,0.024549,,,,,,,,,,0.027790,,,,,,
0.821429,,,,,-0.006888,,,,,,,,,,0.021405,,,,,,,,,,-0.006832,,,,,,,,,,-0.025129,,,,,,,,,,-0.029395,,,,,,,,,,0.059801,,,,,,,,,,0.000000,,,,,,,,,,0.024764,,,,,,,,,,0.022425,,,,,,
0.839286,,,,,0.004562,,,,,,,,,,0.016955,,,,,,,,,,-0.002860,,,,,,,,,,-0.031091,,,,,,,,,,-0.020210,,,,,,,,,,0.064754,,,,,,,,,,0.000000,,,,,,,,,,0.025872,,,,,,,,,,0.015373,,,,,,
0.857143,,,,,0.012585,,,,,,,,,,0.010667,,,,,,,,,,0.001037,,,,,,,,,,-0.040316,,,,,,,,,,0.003712,,,,,,,,,,0.064428,,,,,,,,,,0.000000,,,,,,,,,,0.027825,,,,,,,,,,0.007441,,,,,,
0.875000,,,,,0.017017,,,,,,,,,,0.002349,,,,,,,,,,0.005608,,,,,,,,,,-0.047291,,,,,,,,,,0.020693,,,,,,,,,,0.059475,,,,,,,,,,0.000000,,,,,,,,,,0.018303,,,,,,,,,,-0.001928,,,,,,
0.892857,,,,,0.020630,,,,,,,,,,-0.006591,,,,,,,,,,0.012410,,,,,,,,,,-0.050329,,,,,,,,,,0.023577,,,,,,,,,,0.050741,,,,,,,,,,0.000000,,,,,,,,,,0.008900,,,,,,,,,,-0.011404,,,,,,
0.910714,,,,,0.021013,,,,,,,,,,-0.015122,,,,,,,,,,0.018912,,,,,,,,,,-0.046279,,,,,,,,,,0.025713,,,,,,,,,,0.040053,,,,,,,,,,0.000000,,,,,,,,,,-0.000453,,,,,,,,,,-0.019578,,,,,,
0.928571,,,,,0.018859,,,,,,,,,,-0.022123,,,,,,,,,,0.023523,,,,,,,,,,-0.038404,,,,,,,,,,0.027635,,,,,,,,,,0.028712,,,,,,,,,,0.000000,,,,,,,,,,-0.009896,,,,,,,,,,-0.025683,,,,,,
0.946429,,,,,0.013396,,,,,,,,,,-0.027607,,,,,,,,,,0.026418,,,,,,,,,,-0.028504,,,,,,,,,,0.024111,,,,,,,,,,0.018545,,,,,,,,,,0.000000,,,,,,,,,,-0.019216,,,,,,,,,,-0.029638,,,,,,
0.964286,,,,,0.008145,,,,,,,,,,-0.031332,,,,,,,,,,0.027697,,,,,,,,,,-0.018266,,,,,,,,,,0.016955,,,,,,,,,,0.011506,,,,,,,,,,0.000000,,,,,,,,,,-0.028889,,,,,,,,,,-0.030333,,,,,,
0.982143,,,,,0.005207,,,,,,,,,,-0.033466,,,,,,,,,,0.028008,,,,,,,,,,-0.009941,,,,,,,,,,0.014179,,,,,,,,,,0.006423,,,,,,,,,,0.000000,,,,,,,,,,-0.039522,,,,,,,,,,-0.029587,,,,,,
1.000000,,,,,0.002450,,,,,,,,,,-0.034543,,,,,,,,,,0.028219,,,,,,,,,,-0.005216,,,,,,,,,,0.010975,,,,,,,,,,0.002838,,,,,,,,,,0.000000,,,,,,,,,,-0.050920,,,,,,,,,,-0.028687,,,,,,
0.000000,,,,,,-0.005475,,,,,,,,,,-0.032736,,,,,,,,,,0.029368,,,,,,,,,,0.003784,,,,,,,,,,-0.007715,,,,,,,,,,-0.004266,,,,,,,,,,0.000000,,,,,,,,,,-0.052941,,,,,,,,,,-0.027270,,,,,
0.018868,,,,,,-0.001938,,,,,,,,,,-0.032195,,,,,,,,,,0.030478,,,,,,,,,,0.006371,,,,,,,,,,-0.018181,,,,,,,,,,-0.007590,,,,,,,,,,0.000000,,,,,,,,,,-0.053266,,,,,,,,,,-0.027667,,,,,
0.037736,,,,,,0.003614,,,,,,,,,,-0.031017,,,,,,,,,,0.030343,,,,,,,,,,0.009634,,,,,,,,,,-0.029502,,,,,,,,,,-0.014172,,,,,,,,,,0.000000,,,,,,,,,,-0.041909,,,,,,,,,,-0.028906,,,,,
0.056604,,,,,,0.009870,,,,,,,,,,-0.028824,,,,,,,,,,0.028918,,,,,,,,,,0.014246,,,,,,,,,,-0.032812,,,,,,,,,,-0.024339,,,,,,,,,,0.000000,,,,,,,,,,-0.031857,,,,,,,,,,-0.029364,,,,,
0.075472,,,,,,0.013276,,,,,,,,,,-0.026293,,,,,,,,,,0.026381,,,,,,,,,,0.020434,,,,,,,,,,-0.033880,,,,,,,,,,-0.036462,,,,,,,,,,0.000000,,,,,,,,,,-0.022108,,,,,,,,,,-0.027252,,,,,
0.094340,,,,,,0.016029,,,,,,,,,,-0.022057,,,,,,,,,,0.022946,,,,,,,,,,0.030896,,,,,,,,,,-0.028540,,,,,,,,,,-0.047867,,,,,,,,,,0.000000,,,,,,,,,,-0.012245,,,,,,,,,,-0.022035,,,,,
0.113208,,,,,,0.016940,,,,,,,,,,-0.016350,,,,,,,,,,0.018576,,,,,,,,,,0.038771,,,,,,,,,,-0.019783,,,,,,,,,,-0.059729,,,,,,,,,,0.000000,,,,,,,,,,-0.002639,,,,,,,,,,-0.015195,,,,,
0.132075,,,,,,0.014487,,,,,,,,,,-0.009488,,,,,,,,,,0.013130,,,,,,,,,,0.044621,,,,,,,,,,-0.008142,,,,,,,,,,-0.070222,,,,,,,,,,0.000000,,,,,,,,,,0.007176,,,,,,,,,,-0.007221,,,,,
0.150943,,,,,,0.007850,,,,,,,,,,-0.001329,,,,,,,,,,0.007811,,,,,,,,,,0.045296,,,,,,,,,,0.004780,,,,,,,,,,-0.075110,,,,,,,,,,0.000000,,,,,,,,,,0.017149,,,,,,,,,,0.000569,,,,,
0.169811,,,,,,-0.000790,,,,,,,,,,0.006423,,,,,,,,,,0.001392,,,,,,,,,,0.040796,,,,,,,,,,0.025713,,,,,,,,,,-0.073090,,,,,,,,,,0.000000,,,,,,,,,,0.027101,,,,,,,,,,0.007984,,,,,
0.188679,,,,,,-0.012921,,,,,,,,,,0.012625,,,,,,,,,,-0.002765,,,,,,,,,,0.036409,,,,,,,,,,0.051985,,,,,,,,,,-0.065790,,,,,,,,,,0.000000,,,,,,,,,,0.025276,,,,,,,,,,0.015417,,,,,
0.207547,,,,,,-0.027805,,,,,,,,,,0.017733,,,,,,,,,,-0.006308,,,,,,,,,,0.028984,,,,,,,,,,0.068859,,,,,,,,,,-0.054450,,,,,,,,,,0.000000,,,,,,,,,,0.024925,,,,,,,,,,0.021279,,,,,
0.226415,,,,,,-0.038734,,,,,,,,,,0.021526,,,,,,,,,,-0.006133,,,,,,,,,,0.020546,,,,,,,,,,0.073131,,,,,,,,,,-0.040112,,,,,,,,,,0.000000,,,,,,,,,,0.025214,,,,,,,,,,0.024261,,,,,
0.245283,,,,,,-0.051838,,,,,,,,,,0.023123,,,,,,,,,,-0.006443,,,,,,,,,,0.009521,,,,,,,,,,0.068432,,,,,,,,,,-0.026164,,,,,,,,,,0.000000,,,,,,,,,,0.025793,,,,,,,,,,0.024120,,,,,
0.264151,,,,,,-0.062016,,,,,,,,,,0.024284,,,,,,,,,,-0.005351,,,,,,,,,,0.004009,,,,,,,,,,0.053800,,,,,,,,,,-0.010001,,,,,,,,,,0.000000,,,,,,,,,,0.026274,,,,,,,,,,0.022379,,,,,
0.283019,,,,,,-0.066442,,,,,,,,,,0.025054,,,,,,,,,,-0.003827,,,,,,,,,,0.005134,,,,,,,,,,0.031159,,,,,,,,,,0.007922,,,,,,,,,,0.000000,,,,,,,,,,0.026531,,,,,,,,,,0.019995,,,,,
0.301887,,,,,,-0.064820,,,,,,,,,,0.025956,,,,,,,,,,-0.004502,,,,,,,,,,0.013684,,,,,,,,,,0.008839,,,,,,,,,,0.022260,,,,,,,,,,0.000000,,,,,,,,,,0.026453,,,,,,,,,,0.019659,,,,,
0.320755,,,,,,-0.061188,,,,,,,,,,0.027816,,,,,,,,,,-0.006833,,,,,,,,,,0.024146,,,,,,,,,,-0.008569,,,,,,,,,,0.034057,,,,,,,,,,0.000000,,,,,,,,,,0.026279,,,,,,,,,,0.021090,,,,,
0.339623,,,,,,-0.052138,,,,,,,,,,0.030518,,,,,,,,,,-0.011287,,,,,,,,,,0.033934,,,,,,,,,,-0.041143,,,,,,,,,,0.043703,,,,,,,,,,0.000000,,,,,,,,,,0.025890,,,,,,,,,,0.023855,,,,,
0.358491,,,,,,-0.037492,,,,,,,,,,0.033828,,,,,,,,,,-0.017514,,,,,,,,,,0.044621,,,,,,,,,,-0.062822,,,,,,,,,,0.051132,,,,,,,,,,0.000000,,,,,,,,,,0.025239,,,,,,,,,,0.029910,,,,,
0.377358,,,,,,-0.021307,,,,,,,,,,0.037195,,,,,,,,,,-0.026849,,,,,,,,,,0.049234,,,,,,,,,,-0.072648,,,,,,,,,,0.053088,,,,,,,,,,0.000000,,,,,,,,,,0.018534,,,,,,,,,,0.035998,,,,,
0.396226,,,,,,-0.003689,,,,,,,,,,0.041138,,,,,,,,,,-0.034112,,,,,,,,,,0.049009,,,,,,,,,,-0.077347,,,,,,,,,,0.052631,,,,,,,,,,0.000000,,,,,,,,,,0.011687,,,,,,,,,,0.041453,,,,,
0.415094,,,,,,0.015063,,,,,,,,,,0.043707,,,,,,,,,,-0.043052,,,,,,,,,,0.046421,,,,,,,,,,-0.072434,,,,,,,,,,0.050741,,,,,,,,,,0.000000,,,,,,,,,,0.004891,,,,,,,,,,0.045784,,,,,
0.433962,,,,,,0.031140,,,,,,,,,,0.045138,,,,,,,,,,-0.051643,,,,,,,,,,0.038659,,,,,,,,,,-0.063997,,,,,,,,,,0.043572,,,,,,,,,,0.000000,,,,,,,,,,-0.001722,,,,,,,,,,0.049680,,,,,
0.452830,,,,,,0.043776,,,,,,,,,,0.045221,,,,,,,,,,-0.057952,,,,,,,,,,0.025496,,,,,,,,,,-0.046803,,,,,,,,,,0.031319,,,,,,,,,,0.000000,,,,,,,,,,-0.008152,,,,,,,,,,0.052937,,,,,
0.471698,,,,,,0.052927,,,,,,,,,,0.044593,,,,,,,,,,-0.061864,,,,,,,,,,0.008959,,,,,,,,,,-0.033774,,,,,,,,,,0.015417,,,,,,,,,,0.000000,,,,,,,,,,-0.014475,,,,,,,,,,0.055143,,,,,
0.490566,,,,,,0.055646,,,,,,,,,,0.044495,,,,,,,,,,-0.063088,,,,,,,,,,-0.008816,,,,,,,,,,-0.005579,,,,,,,,,,-0.000160,,,,,,,,,,0.000000,,,,,,,,,,-0.020328,,,,,,,,,,0.057735,,,,,
0.509434,,,,,,0.052304,,,,,,,,,,0.043913,,,,,,,,,,-0.060018,,,,,,,,,,-0.027266,,,,,,,,,,0.013965,,,,,,,,,,-0.015541,,,,,,,,,,0.000000,,,,,,,,,,-0.020240,,,,,,,,,,0.056237,,,,,
0.528302,,,,,,0.044920,,,,,,,,,,0.043173,,,,,,,,,,-0.056106,,,,,,,,,,-0.039866,,,,,,,,,,0.039596,,,,,,,,,,-0.028771,,,,,,,,,,0.000000,,,,,,,,,,-0.014040,,,,,,,,,,0.054152,,,,,
0.547170,,,,,,0.033709,,,,,,,,,,0.040890,,,,,,,,,,-0.050214,,,,,,,,,,-0.047066,,,,,,,,,,0.069073,,,,,,,,,,-0.041350,,,,,,,,,,0.000000,,,,,,,,,,-0.007668,,,,,,,,,,0.051172,,,,,
0.566038,,,,,,0.018083,,,,,,,,,,0.038313,,,,,,,,,,-0.040955,,,,,,,,,,-0.051004,,,,,,,,,,0.090325,,,,,,,,,,-0.050735,,,,,,,,,,0.000000,,,,,,,,,,-0.001080,,,,,,,,,,0.047282,,,,,
0.584906,,,,,,-0.001145,,,,,,,,,,0.036003,,,,,,,,,,-0.032929,,,,,,,,,,-0.051904,,,,,,,,,,0.097694,,,,,,,,,,-0.053798,,,,,,,,,,0.000000,,,,,,,,,,0.005739,,,,,,,,,,0.042443,,,,,
0.603774,,,,,,-0.021290,,,,,,,,,,0.032848,,,,,,,,,,-0.025974,,,,,,,,,,-0.048979,,,,,,,,,,0.100685,,,,,,,,,,-0.052495,,,,,,,,,,0.000000,,,,,,,,,,0.012776,,,,,,,,,,0.036039,,,,,
0.622642,,,,,,-0.038899,,,,,,,,,,0.029468,,,,,,,,,,-0.018454,,,,,,,,,,-0.043466,,,,,,,,,,0.095879,,,,,,,,,,-0.048454,,,,,,,,,,0.000000,,,,,,,,,,0.019787,,,,,,,,,,0.029295,,,,,
0.641509,,,,,,-0.054358,,,,,,,,,,0.025991,,,,,,,,,,-0.012665,,,,,,,,,,-0.034691,,,,,,,,,,0.086694,,,,,,,,,,-0.041350,,,,,,,,,,0.000000,,,,,,,,,,0.026603,,,,,,,,,,0.020947,,,,,
0.660377,,,,,,-0.068734,,,,,,,,,,0.021827,,,,,,,,,,-0.007528,,,,,,,,,,-0.023891,,,,,,,,,,0.065869,,,,,,,,,,-0.032486,,,,,,,,,,0.000000,,,,,,,,,,0.027457,,,,,,,,,,0.014822,,,,,
0.679245,,,,,,-0.079991,,,,,,,,,,0.018606,,,,,,,,,,-0.003680,,,,,,,,,,-0.010616,,,,,,,,,,0.035431,,,,,,,,,,-0.016975,,,,,,,,,,0.000000,,,,,,,,,,0.028034,,,,,,,,,,0.010174,,,,,
0.698113,,,,,,-0.084152,,,,,,,,,,0.018086,,,,,,,,,,-0.002799,,,,,,,,,,0.000859,,,,,,,,,,-0.000453,,,,,,,,,,0.002121,,,,,,,,,,0.000000,,,,,,,,,,0.028282,,,,,,,,,,0.008329,,,,,
0.716981,,,,,,-0.081904,,,,,,,,,,0.019206,,,,,,,,,,-0.005322,,,,,,,,,,0.005134,,,,,,,,,,-0.036764,,,,,,,,,,0.015938,,,,,,,,,,0.000000,,,,,,,,,,0.028217,,,,,,,,,,0.008830,,,,,
0.735849,,,,,,-0.072936,,,,,,,,,,0.020731,,,,,,,,,,-0.007003,,,,,,,,,,0.005246,,,,,,,,,,-0.052784,,,,,,,,,,0.026888,,,,,,,,,,0.000000,,,,,,,,,,0.027745,,,,,,,,,,0.011781,,,,,
0.754717,,,,,,-0.061538,,,,,,,,,,0.022918,,,,,,,,,,-0.008359,,,,,,,,,,0.000859,,,,,,,,,,-0.061648,,,,,,,,,,0.037446,,,,,,,,,,0.000000,,,,,,,,,,0.027068,,,,,,,,,,0.014641,,,,,
0.773585,,,,,,-0.049929,,,,,,,,,,0.023896,,,,,,,,,,-0.009936,,,,,,,,,,-0.010279,,,,,,,,,,-0.068269,,,,,,,,,,0.048916,,,,,,,,,,0.000000,,,,,,,,,,0.026382,,,,,,,,,,0.016139,,,,,
0.792453,,,,,,-0.034360,,,,,,,,,,0.021899,,,,,,,,,,-0.008379,,,,,,,,,,-0.024341,,,,,,,,,,-0.072755,,,,,,,,,,0.057324,,,,,,,,,,0.000000,,,,,,,,,,0.025604,,,,,,,,,,0.015597,,,,,
0.811321,,,,,,-0.016911,,,,,,,,,,0.018652,,,,,,,,,,-0.006186,,,,,,,,,,-0.036041,,,,,,,,,,-0.059725,,,,,,,,,,0.063450,,,,,,,,,,0.000000,,,,,,,,,,0.025355,,,,,,,,,,0.011974,,,,,
0.830189,,,,,,-0.001667,,,,,,,,,,0.013598,,,,,,,,,,-0.002452,,,,,,,,,,-0.045154,,,,,,,,,,-0.038793,,,,,,,,,,0.062212,,,,,,,,,,0.000000,,,,,,,,,,0.026546,,,,,,,,,,0.006302,,,,,
0.849057,,,,,,0.010474,,,,,,,,,,0.006674,,,,,,,,,,0.001463,,,,,,,,,,-0.054491,,,,,,,,,,-0.026084,,,,,,,,,,0.057128,,,,,,,,,,0.000000,,,,,,,,,,0.028226,,,,,,,,,,-0.000070,,,,,
0.867925,,,,,,0.018462,,,,,,,,,,-0.001949,,,,,,,,,,0.007006,,,,,,,,,,-0.058316,,,,,,,,,,-0.007074,,,,,,,,,,0.052175,,,,,,,,,,0.000000,,,,,,,,,,0.018703,,,,,,,,,,-0.006876,,,,,
0.886792,,,,,,0.022616,,,,,,,,,,-0.010814,,,,,,,,,,0.012926,,,,,,,,,,-0.056741,,,,,,,,,,0.006169,,,,,,,,,,0.043703,,,,,,,,,,0.000000,,,,,,,,,,0.009328,,,,,,,,,,-0.014995,,,,,
0.905660,,,,,,0.024454,,,,,,,,,,-0.019245,,,,,,,,,,0.018830,,,,,,,,,,-0.050666,,,,,,,,,,0.010334,,,,,,,,,,0.033992,,,,,,,,,,0.000000,,,,,,,,,,-0.000126,,,,,,,,,,-0.022590,,,,,
0.924528,,,,,,0.024780,,,,,,,,,,-0.026009,,,,,,,,,,0.024193,,,,,,,,,,-0.036829,,,,,,,,,,0.017810,,,,,,,,,,0.023498,,,,,,,,,,0.000000,,,,,,,,,,-0.009712,,,,,,,,,,-0.028597,,,,,
0.943396,,,,,,0.021545,,,,,,,,,,-0.029804,,,,,,,,,,0.026250,,,,,,,,,,-0.022991,,,,,,,,,,0.021227,,,,,,,,,,0.013592,,,,,,,,,,0.000000,,,,,,,,,,-0.019394,,,,,,,,,,-0.032205,,,,,
0.962264,,,,,,0.016901,,,,,,,,,,-0.031933,,,,,,,,,,0.026754,,,,,,,,,,-0.012416,,,,,,,,,,0.018450,,,,,,,,,,0.006749,,,,,,,,,,0.000000,,,,,,,,,,-0.029382,,,,,,,,,,-0.033001,,,,,
0.981132,,,,,,0.013098,,,,,,,,,,-0.032995,,,,,,,,,,0.026960,,,,,,,,,,-0.007466,,,,,,,,,,0.009052,,,,,,,,,,0.003099,,,,,,,,,,0.000000,,,,,,,,,,-0.040572,,,,,,,,,,-0.031968,,,,,
1.000000,,,,,,0.010832,,,,,,,,,,-0.033558,,,,,,,,,,0.027229,,,,,,,,,,-0.000941,,,,,,,,,,0.007237,,,,,,,,,,0.000492,,,,,,,,,,0.000000,,,,,,,,,,-0.052187,,,,,,,,,,-0.031618,,,,,
0.000000,,,,,,,0.005063,,,,,,,,,,-0.033066,,,,,,,,,,0.027159,,,,,,,,,,0.000971,,,,,,,,,,-0.004297,,,,,,,,,,-0.001268,,,,,,,,,,0.000000,,,,,,,,,,-0.052093,,,,,,,,,,-0.029995,,,,
0.020000,,,,,,,0.008334,,,,,,,,,,-0.032677,,,,,,,,,,0.027947,,,,,,,,,,0.003109,,,,,,,,,,-0.008569,,,,,,,,,,-0.005634,,,,,,,,,,0.000000,,,,,,,,,,-0.052348,,,,,,,,,,-0.030412,,,,
0.040000,,,,,,,0.012051,,,,,,,,,,-0.031937,,,,,,,,,,0.027833,,,,,,,,,,0.008284,,,,,,,,,,-0.012307,,,,,,,,,,-0.014824,,,,,,,,,,0.000000,,,,,,,,,,-0.041130,,,,,,,,,,-0.030948,,,,
0.060000,,,,,,,0.014282,,,,,,,,,,-0.030349,,,,,,,,,,0.028033,,,,,,,,,,0.015371,,,,,,,,,,-0.018074,,,,,,,,,,-0.026621,,,,,,,,,,0.000000,,,,,,,,,,-0.030904,,,,,,,,,,-0.030371,,,,
0.080000,,,,,,,0.016121,,,,,,,,,,-0.026649,,,,,,,,,,0.028065,,,,,,,,,,0.027071,,,,,,,,,,-0.017540,,,,,,,,,,-0.040698,,,,,,,,,,0.000000,,,,,,,,,,-0.021305,,,,,,,,,,-0.027449,,,,
0.100000,,,,,,,0.015441,,,,,,,,,,-0.021111,,,,,,,,,,0.025201,,,,,,,,,,0.044621,,,,,,,,,,-0.012521,,,,,,,,,,-0.052886,,,,,,,,,,0.000000,,,,,,,,,,-0.011589,,,,,,,,,,-0.022530,,,,
0.120000,,,,,,,0.013594,,,,,,,,,,-0.013057,,,,,,,,,,0.020365,,,,,,,,,,0.058796,,,,,,,,,,-0.007608,,,,,,,,,,-0.063509,,,,,,,,,,0.000000,,,,,,,,,,-0.001929,,,,,,,,,,-0.015090,,,,
0.140000,,,,,,,0.008615,,,,,,,,,,-0.004214,,,,,,,,,,0.013996,,,,,,,,,,0.064196,,,,,,,,,,0.008305,,,,,,,,,,-0.071135,,,,,,,,,,0.000000,,,,,,,,,,0.007745,,,,,,,,,,-0.006289,,,,
0.160000,,,,,,,-0.001525,,,,,,,,,,0.003755,,,,,,,,,,0.007106,,,,,,,,,,0.065547,,,,,,,,,,0.044509,,,,,,,,,,-0.073155,,,,,,,,,,0.000000,,,,,,,,,,0.017393,,,,,,,,,,0.001801,,,,
0.180000,,,,,,,-0.018329,,,,,,,,,,0.011068,,,,,,,,,,-0.000831,,,,,,,,,,0.064084,,,,,,,,,,0.070781,,,,,,,,,,-0.070613,,,,,,,,,,0.000000,,,,,,,,,,0.027641,,,,,,,,,,0.008995,,,,
0.200000,,,,,,,-0.035023,,,,,,,,,,0.018169,,,,,,,,,,-0.005812,,,,,,,,,,0.059471,,,,,,,,,,0.068111,,,,,,,,,,-0.061228,,,,,,,,,,0.000000,,,,,,,,,,0.026511,,,,,,,,,,0.015787,,,,
0.220000,,,,,,,-0.049988,,,,,,,,,,0.025143,,,,,,,,,,-0.011342,,,,,,,,,,0.051596,,,,,,,,,,0.065975,,,,,,,,,,-0.048193,,,,,,,,,,0.000000,,,,,,,,,,0.026232,,,,,,,,,,0.021609,,,,
0.240000,,,,,,,-0.064145,,,,,,,,,,0.029576,,,,,,,,,,-0.016783,,,,,,,,,,0.037759,,,,,,,,,,0.060956,,,,,,,,,,-0.031574,,,,,,,,,,0.000000,,,,,,,,,,0.026477,,,,,,,,,,0.024843,,,,
0.260000,,,,,,,-0.073901,,,,,,,,,,0.032269,,,,,,,,,,-0.018188,,,,,,,,,,0.023021,,,,,,,,,,0.049101,,,,,,,,,,-0.014042,,,,,,,,,,0.000000,,,,,,,,,,0.026649,,,,,,,,,,0.025995,,,,
0.280000,,,,,,,-0.081492,,,,,,,,,,0.033251,,,,,,,,,,-0.018859,,,,,,,,,,0.014584,,,,,,,,,,0.035645,,,,,,,,,,0.005119,,,,,,,,,,0.000000,,,,,,,,,,0.026716,,,,,,,,,,0.025610,,,,
0.300000,,,,,,,-0.082918,,,,,,,,,,0.034355,,,,,,,,,,-0.019438,,,,,,,,,,0.016721,,,,,,,,,,0.010227,,,,,,,,,,0.024085,,,,,,,,,,0.000000,,,,,,,,,,0.026713,,,,,,,,,,0.024932,,,,
0.320000,,,,,,,-0.076872,,,,,,,,,,0.036475,,,,,,,,,,-0.021039,,,,,,,,,,0.022796,,,,,,,,,,-0.041036,,,,,,,,,,0.039336,,,,,,,,,,0.000000,,,,,,,,,,0.026489,,,,,,,,,,0.026216,,,,
0.340000,,,,,,,-0.060733,,,,,,,,,,0.038607,,,,,,,,,,-0.024117,,,,,,,,,,0.029209,,,,,,,,,,-0.076279,,,,,,,,,,0.051523,,,,,,,,,,0.000000,,,,,,,,,,0.025885,,,,,,,,,,0.030715,,,,
0.360000,,,,,,,-0.042779,,,,,,,,,,0.040572,,,,,,,,,,-0.030162,,,,,,,,,,0.033371,,,,,,,,,,-0.074570,,,,,,,,,,0.058041,,,,,,,,,,0.000000,,,,,,,,,,0.025053,,,,,,,,,,0.036304,,,,
0.380000,,,,,,,-0.025538,,,,,,,,,,0.041960,,,,,,,,,,-0.036961,,,,,,,,,,0.035171,,,,,,,,,,-0.069230,,,,,,,,,,0.060713,,,,,,,,,,0.000000,,,,,,,,,,0.018956,,,,,,,,,,0.042264,,,,
0.400000,,,,,,,-0.004269,,,,,,,,,,0.044888,,,,,,,,,,-0.042841,,,,,,,,,,0.036521,,,,,,,,,,-0.063997,,,,,,,,,,0.059214,,,,,,,,,,0.000000,,,,,,,,,,0.012106,,,,,,,,,,0.047173,,,,
0.420000,,,,,,,0.013452,,,,,,,,,,0.047005,,,,,,,,,,-0.050085,,,,,,,,,,0.034271,,,,,,,,,,-0.057803,,,,,,,,,,0.053935,,,,,,,,,,0.000000,,,,,,,,,,0.005397,,,,,,,,,,0.051535,,,,
0.440000,,,,,,,0.029890,,,,,,,,,,0.047923,,,,,,,,,,-0.056671,,,,,,,,,,0.030221,,,,,,,,,,-0.048725,,,,,,,,,,0.045918,,,,,,,,,,0.000000,,,,,,,,,,-0.001165,,,,,,,,,,0.054762,,,,
0.460000,,,,,,,0.044451,,,,,,,,,,0.047906,,,,,,,,,,-0.062000,,,,,,,,,,0.022009,,,,,,,,,,-0.039220,,,,,,,,,,0.033014,,,,,,,,,,0.000000,,,,,,,,,,-0.007666,,,,,,,,,,0.057466,,,,
0.480000,,,,,,,0.055434,,,,,,,,,,0.047516,,,,,,,,,,-0.066434,,,,,,,,,,0.008509,,,,,,,,,,-0.017327,,,,,,,,,,0.015287,,,,,,,,,,0.000000,,,,,,,,,,-0.014039,,,,,,,,,,0.058886,,,,
0.500000,,,,,,,0.058174,,,,,,,,,,0.047593,,,,,,,,,,-0.067008,,,,,,,,,,-0.009379,,,,,,,,,,0.008305,,,,,,,,,,-0.003875,,,,,,,,,,0.000000,,,,,,,,,,-0.019409,,,,,,,,,,0.059954,,,,
0.520000,,,,,,,0.053095,,,,,,,,,,0.047726,,,,,,,,,,-0.064646,,,,,,,,,,-0.026479,,,,,,,,,,0.023684,,,,,,,,,,-0.020364,,,,,,,,,,0.000000,,,,,,,,,,-0.019266,,,,,,,,,,0.058852,,,,
0.540000,,,,,,,0.046194,,,,,,,,,,0.046201,,,,,,,,,,-0.060595,,,,,,,,,,-0.038066,,,,,,,,,,0.036713,,,,,,,,,,-0.035419,,,,,,,,,,0.000000,,,,,,,,,,-0.013738,,,,,,,,,,0.056135,,,,
0.560000,,,,,,,0.031776,,,,,,,,,,0.043515,,,,,,,,,,-0.055091,,,,,,,,,,-0.047966,,,,,,,,,,0.046431,,,,,,,,,,-0.047867,,,,,,,,,,0.000000,,,,,,,,,,-0.007320,,,,,,,,,,0.053270,,,,
0.580000,,,,,,,0.013396,,,,,,,,,,0.040311,,,,,,,,,,-0.048672,,,,,,,,,,-0.054829,,,,,,,,,,0.065655,,,,,,,,,,-0.056861,,,,,,,,,,0.000000,,,,,,,,,,-0.000864,,,,,,,,,,0.049751,,,,
0.600000,,,,,,,-0.002766,,,,,,,,,,0.037586,,,,,,,,,,-0.040950,,,,,,,,,,-0.059442,,,,,,,,,,0.073772,,,,,,,,,,-0.061033,,,,,,,,,,0.000000,,,,,,,,,,0.005723,,,,,,,,,,0.045417,,,,
0.620000,,,,,,,-0.020940,,,,,,,,,,0.034576,,,,,,,,,,-0.032325,,,,,,,,,,-0.055166,,,,,,,,,,0.080286,,,,,,,,,,-0.059338,,,,,,,,,,0.000000,,,,,,,,,,0.012444,,,,,,,,,,0.039609,,,,
0.640000,,,,,,,-0.038130,,,,,,,,,,0.031554,,,,,,,,,,-0.023817,,,,,,,,,,-0.050441,,,,,,,,,,0.072063,,,,,,,,,,-0.054645,,,,,,,,,,0.000000,,,,,,,,,,0.019157,,,,,,,,,,0.034183,,,,
0.660000,,,,,,,-0.053448,,,,,,,,,,0.026759,,,,,,,,,,-0.016107,,,,,,,,,,-0.040879,,,,,,,,,,0.057966,,,,,,,,,,-0.045521,,,,,,,,,,0.000000,,,,,,,,,,0.025053,,,,,,,,,,0.027065,,,,
0.680000,,,,,,,-0.062168,,,,,,,,,,0.022493,,,,,,,,,,-0.011670,,,,,,,,,,-0.025916,,,,,,,,,,0.035752,,,,,,,,,,-0.032421,,,,,,,,,,0.000000,,,,,,,,,,0.025483,,,,,,,,,,0.022186,,,,
0.700000,,,,,,,-0.066262,,,,,,,,,,0.021641,,,,,,,,,,-0.009370,,,,,,,,,,-0.012979,,,,,,,,,,0.010013,,,,,,,,,,-0.016323,,,,,,,,,,0.000000,,,,,,,,,,0.025718,,,,,,,,,,0.019765,,,,
0.720000,,,,,,,-0.064675,,,,,,,,,,0.022181,,,,,,,,,,-0.009361,,,,,,,,,,-0.007016,,,,,,,,,,-0.016472,,,,,,,,,,0.001404,,,,,,,,,,0.000000,,,,,,,,,,0.025797,,,,,,,,,,0.019507,,,,
0.740000,,,,,,,-0.056383,,,,,,,,,,0.023103,,,,,,,,,,-0.009053,,,,,,,,,,-0.012079,,,,,,,,,,-0.041036,,,,,,,,,,0.020892,,,,,,,,,,0.000000,,,,,,,,,,0.025801,,,,,,,,,,0.020378,,,,
0.760000,,,,,,,-0.046877,,,,,,,,,,0.022015,,,,,,,,,,-0.007620,,,,,,,,,,-0.021979,,,,,,,,,,-0.060153,,,,,,,,,,0.037185,,,,,,,,,,0.000000,,,,,,,,,,0.025649,,,,,,,,,,0.020587,,,,
0.780000,,,,,,,-0.034743,,,,,,,,,,0.019211,,,,,,,,,,-0.005841,,,,,,,,,,-0.037729,,,,,,,,,,-0.061861,,,,,,,,,,0.050350,,,,,,,,,,0.000000,,,,,,,,,,0.025448,,,,,,,,,,0.019427,,,,
0.800000,,,,,,,-0.021716,,,,,,,,,,0.014795,,,,,,,,,,-0.001878,,,,,,,,,,-0.047629,,,,,,,,,,-0.058657,,,,,,,,,,0.061951,,,,,,,,,,0.000000,,,,,,,,,,0.025713,,,,,,,,,,0.014941,,,,
0.820000,,,,,,,-0.009079,,,,,,,,,,0.010201,,,,,,,,,,0.001824,,,,,,,,,,-0.053591,,,,,,,,,,-0.052036,,,,,,,,,,0.067100,,,,,,,,,,0.000000,,,,,,,,,,0.026750,,,,,,,,,,0.009423,,,,
0.840000,,,,,,,0.001225,,,,,,,,,,0.004732,,,,,,,,,,0.006665,,,,,,,,,,-0.057641,,,,,,,,,,-0.037405,,,,,,,,,,0.065340,,,,,,,,,,0.000000,,,,,,,,,,0.028194,,,,,,,,,,0.003222,,,,
0.860000,,,,,,,0.007937,,,,,,,,,,-0.002996,,,,,,,,,,0.012663,,,,,,,,,,-0.061017,,,,,,,,,,-0.019890,,,,,,,,,,0.061625,,,,,,,,,,0.000000,,,,,,,,,,0.018105,,,,,,,,,,-0.004213,,,,
0.880000,,,,,,,0.011528,,,,,,,,,,-0.014116,,,,,,,,,,0.019670,,,,,,,,,,-0.052379,,,,,,,,,,-0.002980,,,,,,,,,,0.050495,,,,,,,,,,0.000000,,,,,,,,,,0.001195,,,,,,,,,,-0.014294,,,,
0.900000,,,,,,,0.013701,,,,,,,,,,-0.021495,,,,,,,,,,0.023857,,,,,,,,,,-0.042079,,,,,,,,,,0.002716,,,,,,,,,,0.040820,,,,,,,,,,0.000000,,,,,,,,,,-0.007471,,,,,,,,,,-0.021328,,,,
0.920000,,,,,,,0.013009,,,,,,,,,,-0.027031,,,,,,,,,,0.026447,,,,,,,,,,-0.029879,,,,,,,,,,0.012019,,,,,,,,,,0.029523,,,,,,,,,,0.000000,,,,,,,,,,-0.016121,,,,,,,,,,-0.026803,,,,
0.940000,,,,,,,0.010502,,,,,,,,,,-0.030633,,,,,,,,,,0.028040,,,,,,,,,,-0.017979,,,,,,,,,,0.008222,,,,,,,,,,0.017937,,,,,,,,,,0.000000,,,,,,,,,,-0.025022,,,,,,,,,,-0.030390,,,,
0.980000,,,,,,,0.006857,,,,,,,,,,-0.032466,,,,,,,,,,0.028114,,,,,,,,,,-0.007579,,,,,,,,,,0.007462,,,,,,,,,,0.008668,,,,,,,,,,0.000000,,,,,,,,,,-0.034343,,,,,,,,,,-0.031281,,,,
1.000000,,,,,,,0.004462,,,,,,,,,,-0.032914,,,,,,,,,,0.027994,,,,,,,,,,-0.001679,,,,,,,,,,0.002621,,,,,,,,,,0.004033,,,,,,,,,,0.000000,,,,,,,,,,-0.044339,,,,,,,,,,-0.031008,,,,
0.000000,,,,,,,,0.005699,,,,,,,,,,-0.035969,,,,,,,,,,0.026759,,,,,,,,,,0.000409,,,,,,,,,,-0.006220,,,,,,,,,,0.000492,,,,,,,,,,0.000000,,,,,,,,,,-0.051319,,,,,,,,,,-0.029729,,,
0.020000,,,,,,,,0.008114,,,,,,,,,,-0.036370,,,,,,,,,,0.027136,,,,,,,,,,0.001646,,,,,,,,,,-0.008035,,,,,,,,,,-0.002832,,,,,,,,,,0.000000,,,,,,,,,,-0.051017,,,,,,,,,,-0.029566,,,
0.040000,,,,,,,,0.012298,,,,,,,,,,-0.036027,,,,,,,,,,0.027737,,,,,,,,,,0.004571,,,,,,,,,,-0.010919,,,,,,,,,,-0.012217,,,,,,,,,,0.000000,,,,,,,,,,-0.051485,,,,,,,,,,-0.030052,,,
0.060000,,,,,,,,0.015203,,,,,,,,,,-0.034242,,,,,,,,,,0.028414,,,,,,,,,,0.012784,,,,,,,,,,-0.009851,,,,,,,,,,-0.024730,,,,,,,,,,0.000000,,,,,,,,,,-0.040994,,,,,,,,,,-0.029770,,,
0.080000,,,,,,,,0.016337,,,,,,,,,,-0.030377,,,,,,,,,,0.028204,,,,,,,,,,0.026621,,,,,,,,,,-0.009958,,,,,,,,,,-0.037505,,,,,,,,,,0.000000,,,,,,,,,,-0.031170,,,,,,,,,,-0.027494,,,
0.100000,,,,,,,,0.014679,,,,,,,,,,-0.025443,,,,,,,,,,0.026204,,,,,,,,,,0.045184,,,,,,,,,,-0.006220,,,,,,,,,,-0.050735,,,,,,,,,,0.000000,,,,,,,,,,-0.021684,,,,,,,,,,-0.022494,,,
0.120000,,,,,,,,0.011245,,,,,,,,,,-0.017361,,,,,,,,,,0.021117,,,,,,,,,,0.063971,,,,,,,,,,-0.000987,,,,,,,,,,-0.063770,,,,,,,,,,0.000000,,,,,,,,,,-0.012263,,,,,,,,,,-0.015018,,,
0.140000,,,,,,,,0.006315,,,,,,,,,,-0.008671,,,,,,,,,,0.015102,,,,,,,,,,0.071397,,,,,,,,,,0.007984,,,,,,,,,,-0.070157,,,,,,,,,,0.000000,,,,,,,,,,-0.002808,,,,,,,,,,-0.006707,,,
0.160000,,,,,,,,0.001904,,,,,,,,,,0.000247,,,,,,,,,,0.009020,,,,,,,,,,0.068359,,,,,,,,,,0.014392,,,,,,,,,,-0.075436,,,,,,,,,,0.000000,,,,,,,,,,0.006678,,,,,,,,,,0.002266,,,
0.180000,,,,,,,,-0.008490,,,,,,,,,,0.007967,,,,,,,,,,0.003373,,,,,,,,,,0.066897,,,,,,,,,,0.041198,,,,,,,,,,-0.075566,,,,,,,,,,0.000000,,,,,,,,,,0.015932,,,,,,,,,,0.010449,,,
0.200000,,,,,,,,-0.022880,,,,,,,,,,0.015247,,,,,,,,,,-0.002799,,,,,,,,,,0.064647,,,,,,,,,,0.072276,,,,,,,,,,-0.068788,,,,,,,,,,0.000000,,,,,,,,,,0.026118,,,,,,,,,,0.017214,,,
0.220000,,,,,,,,-0.040253,,,,,,,,,,0.020893,,,,,,,,,,-0.007876,,,,,,,,,,0.056321,,,,,,,,,,0.080393,,,,,,,,,,-0.057839,,,,,,,,,,0.000000,,,,,,,,,,0.025675,,,,,,,,,,0.022865,,,
0.240000,,,,,,,,-0.053954,,,,,,,,,,0.025693,,,,,,,,,,-0.012087,,,,,,,,,,0.043384,,,,,,,,,,0.077189,,,,,,,,,,-0.042328,,,,,,,,,,0.000000,,,,,,,,,,0.025870,,,,,,,,,,0.026427,,,
0.260000,,,,,,,,-0.065057,,,,,,,,,,0.028757,,,,,,,,,,-0.014072,,,,,,,,,,0.026171,,,,,,,,,,0.068859,,,,,,,,,,-0.024730,,,,,,,,,,0.000000,,,,,,,,,,0.026137,,,,,,,,,,0.027309,,,
0.280000,,,,,,,,-0.073344,,,,,,,,,,0.029369,,,,,,,,,,-0.013802,,,,,,,,,,0.013121,,,,,,,,,,0.058393,,,,,,,,,,-0.002571,,,,,,,,,,0.000000,,,,,,,,,,0.026330,,,,,,,,,,0.026314,,,
0.300000,,,,,,,,-0.076797,,,,,,,,,,0.030655,,,,,,,,,,-0.013971,,,,,,,,,,0.013571,,,,,,,,,,0.040237,,,,,,,,,,0.016525,,,,,,,,,,0.000000,,,,,,,,,,0.026391,,,,,,,,,,0.025491,,,
0.320000,,,,,,,,-0.077322,,,,,,,,,,0.032394,,,,,,,,,,-0.016628,,,,,,,,,,0.023696,,,,,,,,,,0.022295,,,,,,,,,,0.036077,,,,,,,,,,0.000000,,,,,,,,,,0.026288,,,,,,,,,,0.025971,,,
0.340000,,,,,,,,-0.068931,,,,,,,,,,0.035820,,,,,,,,,,-0.020910,,,,,,,,,,0.030671,,,,,,,,,,-0.015298,,,,,,,,,,0.051654,,,,,,,,,,0.000000,,,,,,,,,,0.026055,,,,,,,,,,0.027979,,,
0.360000,,,,,,,,-0.055221,,,,,,,,,,0.038958,,,,,,,,,,-0.026144,,,,,,,,,,0.034834,,,,,,,,,,-0.050114,,,,,,,,,,0.063320,,,,,,,,,,0.000000,,,,,,,,,,0.025502,,,,,,,,,,0.033068,,,
0.380000,,,,,,,,-0.034888,,,,,,,,,,0.042166,,,,,,,,,,-0.032945,,,,,,,,,,0.038771,,,,,,,,,,-0.063143,,,,,,,,,,0.071206,,,,,,,,,,0.000000,,,,,,,,,,0.018742,,,,,,,,,,0.039255,,,
0.400000,,,,,,,,-0.014466,,,,,,,,,,0.043673,,,,,,,,,,-0.040756,,,,,,,,,,0.040009,,,,,,,,,,-0.065172,,,,,,,,,,0.072444,,,,,,,,,,0.000000,,,,,,,,,,0.011843,,,,,,,,,,0.044570,,,
0.420000,,,,,,,,0.007548,,,,,,,,,,0.045724,,,,,,,,,,-0.049263,,,,,,,,,,0.038546,,,,,,,,,,-0.062609,,,,,,,,,,0.069512,,,,,,,,,,0.000000,,,,,,,,,,0.005016,,,,,,,,,,0.049107,,,
0.440000,,,,,,,,0.027253,,,,,,,,,,0.047188,,,,,,,,,,-0.056520,,,,,,,,,,0.031909,,,,,,,,,,-0.057269,,,,,,,,,,0.059475,,,,,,,,,,0.000000,,,,,,,,,,-0.001680,,,,,,,,,,0.053444,,,
0.460000,,,,,,,,0.043695,,,,,,,,,,0.047407,,,,,,,,,,-0.062453,,,,,,,,,,0.021671,,,,,,,,,,-0.048298,,,,,,,,,,0.044159,,,,,,,,,,0.000000,,,,,,,,,,-0.008248,,,,,,,,,,0.056513,,,
0.480000,,,,,,,,0.054983,,,,,,,,,,0.047103,,,,,,,,,,-0.066077,,,,,,,,,,0.008846,,,,,,,,,,-0.032599,,,,,,,,,,0.025584,,,,,,,,,,0.000000,,,,,,,,,,-0.014614,,,,,,,,,,0.058061,,,
0.500000,,,,,,,,0.060517,,,,,,,,,,0.046454,,,,,,,,,,-0.068396,,,,,,,,,,-0.007691,,,,,,,,,,-0.013589,,,,,,,,,,0.005641,,,,,,,,,,0.000000,,,,,,,,,,-0.020815,,,,,,,,,,0.059399,,,
0.520000,,,,,,,,0.060130,,,,,,,,,,0.045498,,,,,,,,,,-0.067904,,,,,,,,,,-0.026929,,,,,,,,,,0.004353,,,,,,,,,,-0.013977,,,,,,,,,,0.000000,,,,,,,,,,-0.020794,,,,,,,,,,0.059335,,,
0.540000,,,,,,,,0.052634,,,,,,,,,,0.043952,,,,,,,,,,-0.063746,,,,,,,,,,-0.045266,,,,,,,,,,0.021014,,,,,,,,,,-0.033138,,,,,,,,,,0.000000,,,,,,,,,,-0.014671,,,,,,,,,,0.056977,,,
0.560000,,,,,,,,0.040420,,,,,,,,,,0.042182,,,,,,,,,,-0.056657,,,,,,,,,,-0.058992,,,,,,,,,,0.041519,,,,,,,,,,-0.050670,,,,,,,,,,0.000000,,,,,,,,,,-0.008272,,,,,,,,,,0.054049,,,
0.580000,,,,,,,,0.022284,,,,,,,,,,0.039324,,,,,,,,,,-0.047453,,,,,,,,,,-0.062479,,,,,,,,,,0.047606,,,,,,,,,,-0.062401,,,,,,,,,,0.000000,,,,,,,,,,-0.001688,,,,,,,,,,0.049486,,,
0.600000,,,,,,,,0.005388,,,,,,,,,,0.037133,,,,,,,,,,-0.038421,,,,,,,,,,-0.060117,,,,,,,,,,0.064053,,,,,,,,,,-0.063379,,,,,,,,,,0.000000,,,,,,,,,,0.005049,,,,,,,,,,0.043523,,,
0.620000,,,,,,,,-0.013788,,,,,,,,,,0.033032,,,,,,,,,,-0.030279,,,,,,,,,,-0.059217,,,,,,,,,,0.063626,,,,,,,,,,-0.062857,,,,,,,,,,0.000000,,,,,,,,,,0.011891,,,,,,,,,,0.037658,,,
0.640000,,,,,,,,-0.032384,,,,,,,,,,0.028493,,,,,,,,,,-0.022134,,,,,,,,,,-0.053479,,,,,,,,,,0.056898,,,,,,,,,,-0.056927,,,,,,,,,,0.000000,,,,,,,,,,0.018689,,,,,,,,,,0.031243,,,
0.660000,,,,,,,,-0.048653,,,,,,,,,,0.024991,,,,,,,,,,-0.013937,,,,,,,,,,-0.042566,,,,,,,,,,0.042907,,,,,,,,,,-0.045586,,,,,,,,,,0.000000,,,,,,,,,,0.025318,,,,,,,,,,0.024918,,,
0.680000,,,,,,,,-0.058619,,,,,,,,,,0.022856,,,,,,,,,,-0.009466,,,,,,,,,,-0.027491,,,,,,,,,,-0.002161,,,,,,,,,,-0.029227,,,,,,,,,,0.000000,,,,,,,,,,0.025684,,,,,,,,,,0.019875,,,
0.700000,,,,,,,,-0.055595,,,,,,,,,,0.021758,,,,,,,,,,-0.006611,,,,,,,,,,-0.010054,,,,,,,,,,-0.051502,,,,,,,,,,-0.009610,,,,,,,,,,0.000000,,,,,,,,,,0.025729,,,,,,,,,,0.019206,,,
0.720000,,,,,,,,-0.050144,,,,,,,,,,0.021552,,,,,,,,,,-0.009133,,,,,,,,,,0.003221,,,,,,,,,,-0.077347,,,,,,,,,,0.010138,,,,,,,,,,0.000000,,,,,,,,,,0.025570,,,,,,,,,,0.021848,,,
0.740000,,,,,,,,-0.039535,,,,,,,,,,0.022359,,,,,,,,,,-0.013778,,,,,,,,,,0.004121,,,,,,,,,,-0.076279,,,,,,,,,,0.028452,,,,,,,,,,0.000000,,,,,,,,,,0.025238,,,,,,,,,,0.027164,,,
0.760000,,,,,,,,-0.027809,,,,,,,,,,0.021587,,,,,,,,,,-0.016817,,,,,,,,,,-0.005666,,,,,,,,,,-0.090697,,,,,,,,,,0.039988,,,,,,,,,,0.000000,,,,,,,,,,0.024748,,,,,,,,,,0.032194,,,
0.780000,,,,,,,,-0.013126,,,,,,,,,,0.020302,,,,,,,,,,-0.017489,,,,,,,,,,-0.017929,,,,,,,,,,-0.087706,,,,,,,,,,0.053088,,,,,,,,,,0.000000,,,,,,,,,,0.024074,,,,,,,,,,0.035112,,,
0.800000,,,,,,,,0.005184,,,,,,,,,,0.017783,,,,,,,,,,-0.014976,,,,,,,,,,-0.032104,,,,,,,,,,-0.077454,,,,,,,,,,0.063841,,,,,,,,,,0.000000,,,,,,,,,,0.023537,,,,,,,,,,0.034234,,,
0.820000,,,,,,,,0.019655,,,,,,,,,,0.012259,,,,,,,,,,-0.011236,,,,,,,,,,-0.040991,,,,,,,,,,-0.056415,,,,,,,,,,0.066579,,,,,,,,,,0.000000,,,,,,,,,,0.023780,,,,,,,,,,0.029226,,,
0.840000,,,,,,,,0.029712,,,,,,,,,,0.004789,,,,,,,,,,-0.005621,,,,,,,,,,-0.048304,,,,,,,,,,-0.014016,,,,,,,,,,0.066774,,,,,,,,,,0.000000,,,,,,,,,,0.025113,,,,,,,,,,0.022165,,,
0.860000,,,,,,,,0.031513,,,,,,,,,,-0.003985,,,,,,,,,,-0.001454,,,,,,,,,,-0.053929,,,,,,,,,,0.026674,,,,,,,,,,0.062082,,,,,,,,,,0.000000,,,,,,,,,,0.027285,,,,,,,,,,0.012325,,,
0.880000,,,,,,,,0.031880,,,,,,,,,,-0.012901,,,,,,,,,,0.006192,,,,,,,,,,-0.055504,,,,,,,,,,0.038315,,,,,,,,,,0.056803,,,,,,,,,,0.000000,,,,,,,,,,0.017831,,,,,,,,,,0.000983,,,
0.900000,,,,,,,,0.031210,,,,,,,,,,-0.021655,,,,,,,,,,0.013535,,,,,,,,,,-0.052129,,,,,,,,,,0.033829,,,,,,,,,,0.049633,,,,,,,,,,0.000000,,,,,,,,,,0.008546,,,,,,,,,,-0.010663,,,
0.920000,,,,,,,,0.029370,,,,,,,,,,-0.029793,,,,,,,,,,0.019241,,,,,,,,,,-0.043804,,,,,,,,,,0.032868,,,,,,,,,,0.040639,,,,,,,,,,0.000000,,,,,,,,,,-0.000581,,,,,,,,,,-0.020793,,,
0.940000,,,,,,,,0.026497,,,,,,,,,,-0.035592,,,,,,,,,,0.023719,,,,,,,,,,-0.030191,,,,,,,,,,0.031159,,,,,,,,,,0.030211,,,,,,,,,,0.000000,,,,,,,,,,-0.009601,,,,,,,,,,-0.028654,,,
0.960000,,,,,,,,0.020127,,,,,,,,,,-0.040015,,,,,,,,,,0.025104,,,,,,,,,,-0.015904,,,,,,,,,,0.024324,,,,,,,,,,0.019132,,,,,,,,,,0.000000,,,,,,,,,,-0.018807,,,,,,,,,,-0.032348,,,
0.980000,,,,,,,,0.016867,,,,,,,,,,-0.042363,,,,,,,,,,0.024593,,,,,,,,,,-0.006679,,,,,,,,,,0.012790,,,,,,,,,,0.012940,,,,,,,,,,0.000000,,,,,,,,,,-0.028519,,,,,,,,,,-0.032779,,,
1.000000,,,,,,,,0.014491,,,,,,,,,,-0.043315,,,,,,,,,,0.024374,,,,,,,,,,0.000296,,,,,,,,,,0.005314,,,,,,,,,,0.006553,,,,,,,,,,0.000000,,,,,,,,,,-0.039280,,,,,,,,,,-0.032130,,,
0.000000,,,,,,,,,0.011177,,,,,,,,,,-0.038229,,,,,,,,,,0.025915,,,,,,,,,,0.003221,,,,,,,,,,-0.006327,,,,,,,,,,-0.004005,,,,,,,,,,0.000000,,,,,,,,,,-0.053003,,,,,,,,,,-0.032115,,
0.018519,,,,,,,,,0.012529,,,,,,,,,,-0.037531,,,,,,,,,,0.026274,,,,,,,,,,0.004684,,,,,,,,,,-0.009424,,,,,,,,,,-0.006938,,,,,,,,,,0.000000,,,,,,,,,,-0.053547,,,,,,,,,,-0.032384,,
0.037037,,,,,,,,,0.014693,,,,,,,,,,-0.036408,,,,,,,,,,0.025766,,,,,,,,,,0.006259,,,,,,,,,,-0.013909,,,,,,,,,,-0.011044,,,,,,,,,,0.000000,,,,,,,,,,-0.042271,,,,,,,,,,-0.032630,,
0.055556,,,,,,,,,0.017699,,,,,,,,,,-0.034623,,,,,,,,,,0.025116,,,,,,,,,,0.009071,,,,,,,,,,-0.018501,,,,,,,,,,-0.015932,,,,,,,,,,0.000000,,,,,,,,,,-0.031763,,,,,,,,,,-0.032724,,
0.074074,,,,,,,,,0.021398,,,,,,,,,,-0.031863,,,,,,,,,,0.024086,,,,,,,,,,0.009409,,,,,,,,,,-0.027045,,,,,,,,,,-0.024274,,,,,,,,,,0.000000,,,,,,,,,,-0.021629,,,,,,,,,,-0.031810,,
0.092593,,,,,,,,,0.027175,,,,,,,,,,-0.028486,,,,,,,,,,0.021894,,,,,,,,,,0.013234,,,,,,,,,,-0.029288,,,,,,,,,,-0.033659,,,,,,,,,,0.000000,,,,,,,,,,-0.012268,,,,,,,,,,-0.027198,,
0.111111,,,,,,,,,0.029981,,,,,,,,,,-0.024444,,,,,,,,,,0.019297,,,,,,,,,,0.021221,,,,,,,,,,-0.023628,,,,,,,,,,-0.045912,,,,,,,,,,0.000000,,,,,,,,,,-0.002754,,,,,,,,,,-0.021090,,
0.129630,,,,,,,,,0.030571,,,,,,,,,,-0.018730,,,,,,,,,,0.015692,,,,,,,,,,0.031459,,,,,,,,,,-0.014336,,,,,,,,,,-0.056535,,,,,,,,,,0.000000,,,,,,,,,,0.007095,,,,,,,,,,-0.013322,,
0.148148,,,,,,,,,0.026968,,,,,,,,,,-0.010412,,,,,,,,,,0.011329,,,,,,,,,,0.043721,,,,,,,,,,0.003178,,,,,,,,,,-0.063574,,,,,,,,,,0.000000,,,,,,,,,,0.016973,,,,,,,,,,-0.004452,,
0.166667,,,,,,,,,0.020221,,,,,,,,,,-0.001467,,,,,,,,,,0.005406,,,,,,,,,,0.050696,,,,,,,,,,0.019198,,,,,,,,,,-0.067680,,,,,,,,,,0.000000,,,,,,,,,,0.027044,,,,,,,,,,0.005054,,
0.185185,,,,,,,,,0.012881,,,,,,,,,,0.006401,,,,,,,,,,0.000502,,,,,,,,,,0.050809,,,,,,,,,,0.029771,,,,,,,,,,-0.066116,,,,,,,,,,0.000000,,,,,,,,,,0.025565,,,,,,,,,,0.014503,,
0.203704,,,,,,,,,0.003027,,,,,,,,,,0.013122,,,,,,,,,,-0.003518,,,,,,,,,,0.049796,,,,,,,,,,0.045470,,,,,,,,,,-0.062792,,,,,,,,,,0.000000,,,,,,,,,,0.024668,,,,,,,,,,0.023458,,
0.222222,,,,,,,,,-0.009663,,,,,,,,,,0.018788,,,,,,,,,,-0.007041,,,,,,,,,,0.049234,,,,,,,,,,0.059461,,,,,,,,,,-0.053603,,,,,,,,,,0.000000,,,,,,,,,,0.024308,,,,,,,,,,0.030793,,
0.240741,,,,,,,,,-0.022277,,,,,,,,,,0.024597,,,,,,,,,,-0.008087,,,,,,,,,,0.044396,,,,,,,,,,0.056364,,,,,,,,,,-0.042653,,,,,,,,,,0.000000,,,,,,,,,,0.024641,,,,,,,,,,0.034251,,
0.259259,,,,,,,,,-0.033908,,,,,,,,,,0.029350,,,,,,,,,,-0.008977,,,,,,,,,,0.037759,,,,,,,,,,0.049101,,,,,,,,,,-0.028054,,,,,,,,,,0.000000,,,,,,,,,,0.024996,,,,,,,,,,0.036038,,
0.277778,,,,,,,,,-0.042469,,,,,,,,,,0.032766,,,,,,,,,,-0.009486,,,,,,,,,,0.034721,,,,,,,,,,0.034470,,,,,,,,,,-0.012282,,,,,,,,,,0.000000,,,,,,,,,,0.025134,,,,,,,,,,0.036629,,
0.296296,,,,,,,,,-0.046290,,,,,,,,,,0.034261,,,,,,,,,,-0.010688,,,,,,,,,,0.032696,,,,,,,,,,0.010227,,,,,,,,,,0.003881,,,,,,,,,,0.000000,,,,,,,,,,0.025123,,,,,,,,,,0.037694,,
0.314815,,,,,,,,,-0.044936,,,,,,,,,,0.035785,,,,,,,,,,-0.012510,,,,,,,,,,0.035621,,,,,,,,,,-0.012948,,,,,,,,,,0.020566,,,,,,,,,,0.000000,,,,,,,,,,0.024988,,,,,,,,,,0.039138,,
0.333333,,,,,,,,,-0.040367,,,,,,,,,,0.038041,,,,,,,,,,-0.016320,,,,,,,,,,0.045409,,,,,,,,,,-0.028434,,,,,,,,,,0.032949,,,,,,,,,,0.000000,,,,,,,,,,0.024664,,,,,,,,,,0.042247,,
0.351852,,,,,,,,,-0.031279,,,,,,,,,,0.040953,,,,,,,,,,-0.023418,,,,,,,,,,0.054859,,,,,,,,,,-0.043172,,,,,,,,,,0.043833,,,,,,,,,,0.000000,,,,,,,,,,0.018414,,,,,,,,,,0.044461,,
0.370370,,,,,,,,,-0.017675,,,,,,,,,,0.043292,,,,,,,,,,-0.031425,,,,,,,,,,0.063296,,,,,,,,,,-0.052143,,,,,,,,,,0.050872,,,,,,,,,,0.000000,,,,,,,,,,0.012024,,,,,,,,,,0.046451,,
0.388889,,,,,,,,,-0.003486,,,,,,,,,,0.044372,,,,,,,,,,-0.041837,,,,,,,,,,0.068022,,,,,,,,,,-0.047230,,,,,,,,,,0.054261,,,,,,,,,,0.000000,,,,,,,,,,0.005539,,,,,,,,,,0.047368,,
0.407407,,,,,,,,,0.013845,,,,,,,,,,0.046141,,,,,,,,,,-0.051929,,,,,,,,,,0.069822,,,,,,,,,,-0.050968,,,,,,,,,,0.054847,,,,,,,,,,0.000000,,,,,,,,,,-0.000984,,,,,,,,,,0.047749,,
0.425926,,,,,,,,,0.029863,,,,,,,,,,0.047097,,,,,,,,,,-0.062407,,,,,,,,,,0.063859,,,,,,,,,,-0.044560,,,,,,,,,,0.050024,,,,,,,,,,0.000000,,,,,,,,,,-0.007377,,,,,,,,,,0.046758,,
0.444444,,,,,,,,,0.043798,,,,,,,,,,0.046883,,,,,,,,,,-0.070969,,,,,,,,,,0.052496,,,,,,,,,,-0.035162,,,,,,,,,,0.040965,,,,,,,,,,0.000000,,,,,,,,,,-0.013747,,,,,,,,,,0.044009,,
0.462963,,,,,,,,,0.055153,,,,,,,,,,0.046256,,,,,,,,,,-0.077974,,,,,,,,,,0.037084,,,,,,,,,,-0.025016,,,,,,,,,,0.028843,,,,,,,,,,0.000000,,,,,,,,,,-0.019994,,,,,,,,,,0.040642,,
0.481481,,,,,,,,,0.062184,,,,,,,,,,0.045613,,,,,,,,,,-0.082691,,,,,,,,,,0.017059,,,,,,,,,,-0.011987,,,,,,,,,,0.013266,,,,,,,,,,0.000000,,,,,,,,,,-0.026085,,,,,,,,,,0.037504,,
0.500000,,,,,,,,,0.063556,,,,,,,,,,0.044924,,,,,,,,,,-0.082511,,,,,,,,,,-0.004991,,,,,,,,,,-0.001200,,,,,,,,,,-0.002506,,,,,,,,,,0.000000,,,,,,,,,,-0.026202,,,,,,,,,,0.036727,,
0.518519,,,,,,,,,0.060597,,,,,,,,,,0.045394,,,,,,,,,,-0.079690,,,,,,,,,,-0.025016,,,,,,,,,,0.010227,,,,,,,,,,-0.017626,,,,,,,,,,0.000000,,,,,,,,,,-0.026117,,,,,,,,,,0.038597,,
0.537037,,,,,,,,,0.051891,,,,,,,,,,0.046165,,,,,,,,,,-0.074888,,,,,,,,,,-0.038179,,,,,,,,,,0.022082,,,,,,,,,,-0.031052,,,,,,,,,,0.000000,,,,,,,,,,-0.019982,,,,,,,,,,0.041603,,
0.555556,,,,,,,,,0.039776,,,,,,,,,,0.045933,,,,,,,,,,-0.068250,,,,,,,,,,-0.051229,,,,,,,,,,0.033295,,,,,,,,,,-0.042067,,,,,,,,,,0.000000,,,,,,,,,,-0.013714,,,,,,,,,,0.044193,,
0.574074,,,,,,,,,0.025247,,,,,,,,,,0.045370,,,,,,,,,,-0.059814,,,,,,,,,,-0.059554,,,,,,,,,,0.043334,,,,,,,,,,-0.048975,,,,,,,,,,0.000000,,,,,,,,,,-0.007431,,,,,,,,,,0.046666,,
0.592593,,,,,,,,,0.010751,,,,,,,,,,0.045264,,,,,,,,,,-0.050476,,,,,,,,,,-0.061692,,,,,,,,,,0.045684,,,,,,,,,,-0.052234,,,,,,,,,,0.000000,,,,,,,,,,-0.001010,,,,,,,,,,0.048500,,
0.611111,,,,,,,,,-0.005064,,,,,,,,,,0.044903,,,,,,,,,,-0.041397,,,,,,,,,,-0.058541,,,,,,,,,,0.053053,,,,,,,,,,-0.053016,,,,,,,,,,0.000000,,,,,,,,,,0.005432,,,,,,,,,,0.049555,,
0.629630,,,,,,,,,-0.021298,,,,,,,,,,0.044921,,,,,,,,,,-0.031525,,,,,,,,,,-0.046279,,,,,,,,,,0.048995,,,,,,,,,,-0.049497,,,,,,,,,,0.000000,,,,,,,,,,0.011906,,,,,,,,,,0.048661,,
0.648148,,,,,,,,,-0.032985,,,,,,,,,,0.044011,,,,,,,,,,-0.025534,,,,,,,,,,-0.035929,,,,,,,,,,0.038208,,,,,,,,,,-0.042328,,,,,,,,,,0.000000,,,,,,,,,,0.018348,,,,,,,,,,0.046749,,
0.666667,,,,,,,,,-0.043066,,,,,,,,,,0.041556,,,,,,,,,,-0.019671,,,,,,,,,,-0.025241,,,,,,,,,,0.028489,,,,,,,,,,-0.035028,,,,,,,,,,0.000000,,,,,,,,,,0.024681,,,,,,,,,,0.043207,,
0.685185,,,,,,,,,-0.050916,,,,,,,,,,0.038976,,,,,,,,,,-0.014706,,,,,,,,,,-0.012979,,,,,,,,,,0.006489,,,,,,,,,,-0.024014,,,,,,,,,,0.000000,,,,,,,,,,0.025052,,,,,,,,,,0.039575,,
0.703704,,,,,,,,,-0.054816,,,,,,,,,,0.037986,,,,,,,,,,-0.013155,,,,,,,,,,0.000859,,,,,,,,,,-0.014336,,,,,,,,,,-0.011826,,,,,,,,,,0.000000,,,,,,,,,,0.025228,,,,,,,,,,0.038483,,
0.722222,,,,,,,,,-0.052166,,,,,,,,,,0.038527,,,,,,,,,,-0.013033,,,,,,,,,,0.012446,,,,,,,,,,-0.033453,,,,,,,,,,-0.001854,,,,,,,,,,0.000000,,,,,,,,,,0.025287,,,,,,,,,,0.039132,,
0.740741,,,,,,,,,-0.049852,,,,,,,,,,0.039263,,,,,,,,,,-0.015934,,,,,,,,,,0.013684,,,,,,,,,,-0.035269,,,,,,,,,,0.009812,,,,,,,,,,0.000000,,,,,,,,,,0.025232,,,,,,,,,,0.041236,,
0.759259,,,,,,,,,-0.044454,,,,,,,,,,0.039705,,,,,,,,,,-0.016891,,,,,,,,,,0.007609,,,,,,,,,,-0.041463,,,,,,,,,,0.022456,,,,,,,,,,0.000000,,,,,,,,,,0.025111,,,,,,,,,,0.042841,,
0.777778,,,,,,,,,-0.035485,,,,,,,,,,0.038656,,,,,,,,,,-0.018316,,,,,,,,,,-0.006454,,,,,,,,,,-0.035589,,,,,,,,,,0.036142,,,,,,,,,,0.000000,,,,,,,,,,0.024883,,,,,,,,,,0.043975,,
0.796296,,,,,,,,,-0.026837,,,,,,,,,,0.036857,,,,,,,,,,-0.016501,,,,,,,,,,-0.016579,,,,,,,,,,-0.023521,,,,,,,,,,0.046896,,,,,,,,,,0.000000,,,,,,,,,,0.024647,,,,,,,,,,0.042842,,
0.814815,,,,,,,,,-0.016786,,,,,,,,,,0.033775,,,,,,,,,,-0.014222,,,,,,,,,,-0.030304,,,,,,,,,,-0.017113,,,,,,,,,,0.058171,,,,,,,,,,0.000000,,,,,,,,,,0.024615,,,,,,,,,,0.038195,,
0.833333,,,,,,,,,-0.004857,,,,,,,,,,0.028500,,,,,,,,,,-0.010016,,,,,,,,,,-0.048416,,,,,,,,,,-0.004084,,,,,,,,,,0.065471,,,,,,,,,,0.000000,,,,,,,,,,0.025268,,,,,,,,,,0.030627,,
0.851852,,,,,,,,,0.005763,,,,,,,,,,0.021308,,,,,,,,,,-0.004025,,,,,,,,,,-0.060679,,,,,,,,,,0.013751,,,,,,,,,,0.066188,,,,,,,,,,0.000000,,,,,,,,,,0.026830,,,,,,,,,,0.020765,,
0.870370,,,,,,,,,0.009918,,,,,,,,,,0.011831,,,,,,,,,,0.001739,,,,,,,,,,-0.070017,,,,,,,,,,0.024538,,,,,,,,,,0.064819,,,,,,,,,,0.000000,,,,,,,,,,0.017018,,,,,,,,,,0.009987,,
0.888889,,,,,,,,,0.015418,,,,,,,,,,0.001637,,,,,,,,,,0.009418,,,,,,,,,,-0.070017,,,,,,,,,,0.024752,,,,,,,,,,0.058367,,,,,,,,,,0.000000,,,,,,,,,,0.007657,,,,,,,,,,-0.000978,,
0.907407,,,,,,,,,0.018335,,,,,,,,,,-0.008490,,,,,,,,,,0.015696,,,,,,,,,,-0.064054,,,,,,,,,,0.023897,,,,,,,,,,0.049894,,,,,,,,,,0.000000,,,,,,,,,,-0.001588,,,,,,,,,,-0.010731,,
0.925926,,,,,,,,,0.019697,,,,,,,,,,-0.017657,,,,,,,,,,0.020833,,,,,,,,,,-0.053816,,,,,,,,,,0.018878,,,,,,,,,,0.039271,,,,,,,,,,0.000000,,,,,,,,,,-0.010778,,,,,,,,,,-0.020006,,
0.944444,,,,,,,,,0.019398,,,,,,,,,,-0.025240,,,,,,,,,,0.024475,,,,,,,,,,-0.043466,,,,,,,,,,0.010013,,,,,,,,,,0.028321,,,,,,,,,,0.000000,,,,,,,,,,-0.020068,,,,,,,,,,-0.027180,,
0.962963,,,,,,,,,0.018244,,,,,,,,,,-0.030890,,,,,,,,,,0.026074,,,,,,,,,,-0.029854,,,,,,,,,,0.005314,,,,,,,,,,0.017894,,,,,,,,,,0.000000,,,,,,,,,,-0.029300,,,,,,,,,,-0.030774,,
0.981481,,,,,,,,,0.015702,,,,,,,,,,-0.033855,,,,,,,,,,0.025449,,,,,,,,,,-0.015791,,,,,,,,,,0.003392,,,,,,,,,,0.009095,,,,,,,,,,0.000000,,,,,,,,,,-0.039233,,,,,,,,,,-0.031265,,
1.000000,,,,,,,,,0.012668,,,,,,,,,,-0.036011,,,,,,,,,,0.024889,,,,,,,,,,-0.008254,,,,,,,,,,0.000936,,,,,,,,,,0.004402,,,,,,,,,,0.000000,,,,,,,,,,-0.050064,,,,,,,,,,-0.030724,,
0.000000,,,,,,,,,,0.007968,,,,,,,,,,-0.038494,,,,,,,,,,0.027873,,,,,,,,,,0.001984,,,,,,,,,,-0.004297,,,,,,,,,,-0.005113,,,,,,,,,,0.000000,,,,,,,,,,-0.050315,,,,,,,,,,-0.028638,
0.017857,,,,,,,,,,0.010331,,,,,,,,,,-0.037513,,,,,,,,,,0.028598,,,,,,,,,,0.006371,,,,,,,,,,-0.006754,,,,,,,,,,-0.012478,,,,,,,,,,0.000000,,,,,,,,,,-0.039040,,,,,,,,,,-0.029092,
0.035714,,,,,,,,,,0.012099,,,,,,,,,,-0.035435,,,,,,,,,,0.028400,,,,,,,,,,0.014696,,,,,,,,,,-0.006861,,,,,,,,,,-0.022710,,,,,,,,,,0.000000,,,,,,,,,,-0.028698,,,,,,,,,,-0.029218,
0.053571,,,,,,,,,,0.013168,,,,,,,,,,-0.032131,,,,,,,,,,0.028203,,,,,,,,,,0.023471,,,,,,,,,,-0.009317,,,,,,,,,,-0.034050,,,,,,,,,,0.000000,,,,,,,,,,-0.018848,,,,,,,,,,-0.027533,
0.071429,,,,,,,,,,0.012404,,,,,,,,,,-0.027506,,,,,,,,,,0.026881,,,,,,,,,,0.032696,,,,,,,,,,-0.011560,,,,,,,,,,-0.046108,,,,,,,,,,0.000000,,,,,,,,,,-0.009305,,,,,,,,,,-0.024075,
0.089286,,,,,,,,,,0.010337,,,,,,,,,,-0.021215,,,,,,,,,,0.024853,,,,,,,,,,0.043046,,,,,,,,,,-0.008035,,,,,,,,,,-0.055884,,,,,,,,,,0.000000,,,,,,,,,,0.000001,,,,,,,,,,-0.019051,
0.107143,,,,,,,,,,0.006197,,,,,,,,,,-0.013935,,,,,,,,,,0.021112,,,,,,,,,,0.053621,,,,,,,,,,0.002751,,,,,,,,,,-0.063444,,,,,,,,,,0.000000,,,,,,,,,,0.009507,,,,,,,,,,-0.012691,
0.125000,,,,,,,,,,0.000338,,,,,,,,,,-0.005418,,,,,,,,,,0.016505,,,,,,,,,,0.058796,,,,,,,,,,0.012577,,,,,,,,,,-0.068397,,,,,,,,,,0.000000,,,,,,,,,,0.018930,,,,,,,,,,-0.005453,
0.142857,,,,,,,,,,-0.008628,,,,,,,,,,0.003248,,,,,,,,,,0.010961,,,,,,,,,,0.060371,,,,,,,,,,0.021441,,,,,,,,,,-0.070157,,,,,,,,,,0.000000,,,,,,,,,,0.028723,,,,,,,,,,0.002626,
0.160714,,,,,,,,,,-0.020194,,,,,,,,,,0.011073,,,,,,,,,,0.005646,,,,,,,,,,0.058571,,,,,,,,,,0.034257,,,,,,,,,,-0.063509,,,,,,,,,,0.000000,,,,,,,,,,0.026937,,,,,,,,,,0.010845,
0.178571,,,,,,,,,,-0.030712,,,,,,,,,,0.017782,,,,,,,,,,0.001162,,,,,,,,,,0.052159,,,,,,,,,,0.046645,,,,,,,,,,-0.053212,,,,,,,,,,0.000000,,,,,,,,,,0.026077,,,,,,,,,,0.018041,
0.196429,,,,,,,,,,-0.041819,,,,,,,,,,0.022856,,,,,,,,,,-0.003752,,,,,,,,,,0.045296,,,,,,,,,,0.058393,,,,,,,,,,-0.042132,,,,,,,,,,0.000000,,,,,,,,,,0.025881,,,,,,,,,,0.023267,
0.214286,,,,,,,,,,-0.052712,,,,,,,,,,0.026786,,,,,,,,,,-0.008141,,,,,,,,,,0.037421,,,,,,,,,,0.062238,,,,,,,,,,-0.028771,,,,,,,,,,0.000000,,,,,,,,,,0.026029,,,,,,,,,,0.026503,
0.232143,,,,,,,,,,-0.061424,,,,,,,,,,0.029299,,,,,,,,,,-0.010759,,,,,,,,,,0.027071,,,,,,,,,,0.058179,,,,,,,,,,-0.018278,,,,,,,,,,0.000000,,,,,,,,,,0.026258,,,,,,,,,,0.027866,
0.250000,,,,,,,,,,-0.069227,,,,,,,,,,0.030624,,,,,,,,,,-0.011192,,,,,,,,,,0.017734,,,,,,,,,,0.047179,,,,,,,,,,-0.009023,,,,,,,,,,0.000000,,,,,,,,,,0.026432,,,,,,,,,,0.027901,
0.267857,,,,,,,,,,-0.074814,,,,,,,,,,0.031669,,,,,,,,,,-0.011834,,,,,,,,,,0.018296,,,,,,,,,,0.028810,,,,,,,,,,0.003034,,,,,,,,,,0.000000,,,,,,,,,,0.026535,,,,,,,,,,0.027688,
0.285714,,,,,,,,,,-0.075355,,,,,,,,,,0.032265,,,,,,,,,,-0.012523,,,,,,,,,,0.023134,,,,,,,,,,0.005848,,,,,,,,,,0.015938,,,,,,,,,,0.000000,,,,,,,,,,0.026395,,,,,,,,,,0.027908,
0.303571,,,,,,,,,,-0.071208,,,,,,,,,,0.034432,,,,,,,,,,-0.015573,,,,,,,,,,0.030559,,,,,,,,,,-0.019463,,,,,,,,,,0.025454,,,,,,,,,,0.000000,,,,,,,,,,0.026163,,,,,,,,,,0.030131,
0.321429,,,,,,,,,,-0.064340,,,,,,,,,,0.036844,,,,,,,,,,-0.020596,,,,,,,,,,0.039784,,,,,,,,,,-0.041677,,,,,,,,,,0.035230,,,,,,,,,,0.000000,,,,,,,,,,0.025732,,,,,,,,,,0.034625,
0.339286,,,,,,,,,,-0.052639,,,,,,,,,,0.039817,,,,,,,,,,-0.026472,,,,,,,,,,0.047884,,,,,,,,,,-0.054706,,,,,,,,,,0.044224,,,,,,,,,,0.000000,,,,,,,,,,0.019531,,,,,,,,,,0.039698,
0.357143,,,,,,,,,,-0.037510,,,,,,,,,,0.042543,,,,,,,,,,-0.032692,,,,,,,,,,0.055084,,,,,,,,,,-0.059619,,,,,,,,,,0.051849,,,,,,,,,,0.000000,,,,,,,,,,0.012987,,,,,,,,,,0.043925,
0.375000,,,,,,,,,,-0.020841,,,,,,,,,,0.045147,,,,,,,,,,-0.041029,,,,,,,,,,0.060034,,,,,,,,,,-0.064852,,,,,,,,,,0.058106,,,,,,,,,,0.000000,,,,,,,,,,0.006330,,,,,,,,,,0.047530,
0.392857,,,,,,,,,,-0.001195,,,,,,,,,,0.047434,,,,,,,,,,-0.051186,,,,,,,,,,0.062171,,,,,,,,,,-0.066026,,,,,,,,,,0.060843,,,,,,,,,,0.000000,,,,,,,,,,-0.000299,,,,,,,,,,0.048732,
0.410714,,,,,,,,,,0.018474,,,,,,,,,,0.048317,,,,,,,,,,-0.060039,,,,,,,,,,0.058009,,,,,,,,,,-0.057696,,,,,,,,,,0.057324,,,,,,,,,,0.000000,,,,,,,,,,-0.006865,,,,,,,,,,0.049156,
0.428571,,,,,,,,,,0.034208,,,,,,,,,,0.048702,,,,,,,,,,-0.069036,,,,,,,,,,0.052159,,,,,,,,,,-0.041249,,,,,,,,,,0.049699,,,,,,,,,,0.000000,,,,,,,,,,-0.013249,,,,,,,,,,0.048075,
0.446429,,,,,,,,,,0.047665,,,,,,,,,,0.048011,,,,,,,,,,-0.076147,,,,,,,,,,0.040796,,,,,,,,,,-0.025871,,,,,,,,,,0.040379,,,,,,,,,,0.000000,,,,,,,,,,-0.019579,,,,,,,,,,0.045236,
0.464286,,,,,,,,,,0.058024,,,,,,,,,,0.046831,,,,,,,,,,-0.081099,,,,,,,,,,0.022796,,,,,,,,,,-0.014123,,,,,,,,,,0.027213,,,,,,,,,,0.000000,,,,,,,,,,-0.025733,,,,,,,,,,0.040532,
0.482143,,,,,,,,,,0.064248,,,,,,,,,,0.046062,,,,,,,,,,-0.083472,,,,,,,,,,0.000521,,,,,,,,,,-0.003336,,,,,,,,,,0.012289,,,,,,,,,,0.000000,,,,,,,,,,-0.026187,,,,,,,,,,0.037217,
0.500000,,,,,,,,,,0.064842,,,,,,,,,,0.045536,,,,,,,,,,-0.081751,,,,,,,,,,-0.019616,,,,,,,,,,0.008305,,,,,,,,,,-0.003418,,,,,,,,,,0.000000,,,,,,,,,,-0.026305,,,,,,,,,,0.037276,
0.517857,,,,,,,,,,0.060391,,,,,,,,,,0.044857,,,,,,,,,,-0.077320,,,,,,,,,,-0.035929,,,,,,,,,,0.022509,,,,,,,,,,-0.017757,,,,,,,,,,0.000000,,,,,,,,,,-0.026120,,,,,,,,,,0.039177,
0.535714,,,,,,,,,,0.052023,,,,,,,,,,0.044652,,,,,,,,,,-0.071304,,,,,,,,,,-0.049316,,,,,,,,,,0.034257,,,,,,,,,,-0.029358,,,,,,,,,,0.000000,,,,,,,,,,-0.019953,,,,,,,,,,0.042385,
0.553571,,,,,,,,,,0.039579,,,,,,,,,,0.044465,,,,,,,,,,-0.064275,,,,,,,,,,-0.058091,,,,,,,,,,0.048247,,,,,,,,,,-0.038547,,,,,,,,,,0.000000,,,,,,,,,,-0.013677,,,,,,,,,,0.044845,
0.571429,,,,,,,,,,0.026990,,,,,,,,,,0.044477,,,,,,,,,,-0.055153,,,,,,,,,,-0.065179,,,,,,,,,,0.054334,,,,,,,,,,-0.045456,,,,,,,,,,0.000000,,,,,,,,,,-0.007354,,,,,,,,,,0.046365,
0.589286,,,,,,,,,,0.012220,,,,,,,,,,0.043991,,,,,,,,,,-0.045319,,,,,,,,,,-0.065179,,,,,,,,,,0.059888,,,,,,,,,,-0.048845,,,,,,,,,,0.000000,,,,,,,,,,-0.000985,,,,,,,,,,0.047547,
0.607143,,,,,,,,,,-0.004098,,,,,,,,,,0.043235,,,,,,,,,,-0.035019,,,,,,,,,,-0.058766,,,,,,,,,,0.060849,,,,,,,,,,-0.048063,,,,,,,,,,0.000000,,,,,,,,,,0.005412,,,,,,,,,,0.048268,
0.625000,,,,,,,,,,-0.018453,,,,,,,,,,0.042540,,,,,,,,,,-0.026526,,,,,,,,,,-0.047066,,,,,,,,,,0.055296,,,,,,,,,,-0.042979,,,,,,,,,,0.000000,,,,,,,,,,0.011869,,,,,,,,,,0.047425,
0.642857,,,,,,,,,,-0.029992,,,,,,,,,,0.041044,,,,,,,,,,-0.021211,,,,,,,,,,-0.036154,,,,,,,,,,0.047286,,,,,,,,,,-0.036983,,,,,,,,,,0.000000,,,,,,,,,,0.018325,,,,,,,,,,0.043786,
0.660714,,,,,,,,,,-0.038660,,,,,,,,,,0.039700,,,,,,,,,,-0.017539,,,,,,,,,,-0.024566,,,,,,,,,,0.039596,,,,,,,,,,-0.030466,,,,,,,,,,0.000000,,,,,,,,,,0.024597,,,,,,,,,,0.039277,
0.678571,,,,,,,,,,-0.045310,,,,,,,,,,0.038235,,,,,,,,,,-0.013811,,,,,,,,,,-0.013316,,,,,,,,,,0.031266,,,,,,,,,,-0.023818,,,,,,,,,,0.000000,,,,,,,,,,0.024887,,,,,,,,,,0.035872,
0.696429,,,,,,,,,,-0.050500,,,,,,,,,,0.036803,,,,,,,,,,-0.012245,,,,,,,,,,-0.006341,,,,,,,,,,0.018450,,,,,,,,,,-0.017692,,,,,,,,,,0.000000,,,,,,,,,,0.025118,,,,,,,,,,0.033307,
0.714286,,,,,,,,,,-0.056142,,,,,,,,,,0.035081,,,,,,,,,,-0.011442,,,,,,,,,,-0.000829,,,,,,,,,,-0.001948,,,,,,,,,,-0.008893,,,,,,,,,,0.000000,,,,,,,,,,0.025286,,,,,,,,,,0.032543,
0.732143,,,,,,,,,,-0.056428,,,,,,,,,,0.033988,,,,,,,,,,-0.011349,,,,,,,,,,0.007384,,,,,,,,,,-0.021599,,,,,,,,,,-0.000746,,,,,,,,,,0.000000,,,,,,,,,,0.025312,,,,,,,,,,0.033074,
0.750000,,,,,,,,,,-0.053435,,,,,,,,,,0.034479,,,,,,,,,,-0.014623,,,,,,,,,,0.015034,,,,,,,,,,-0.039541,,,,,,,,,,0.005967,,,,,,,,,,0.000000,,,,,,,,,,0.025257,,,,,,,,,,0.035402,
0.767857,,,,,,,,,,-0.048104,,,,,,,,,,0.035523,,,,,,,,,,-0.017434,,,,,,,,,,0.015934,,,,,,,,,,-0.047123,,,,,,,,,,0.012940,,,,,,,,,,0.000000,,,,,,,,,,0.025172,,,,,,,,,,0.038424,
0.785714,,,,,,,,,,-0.042413,,,,,,,,,,0.036937,,,,,,,,,,-0.019565,,,,,,,,,,0.009859,,,,,,,,,,-0.039968,,,,,,,,,,0.021543,,,,,,,,,,0.000000,,,,,,,,,,0.025035,,,,,,,,,,0.041279,
0.803571,,,,,,,,,,-0.036219,,,,,,,,,,0.037079,,,,,,,,,,-0.019543,,,,,,,,,,-0.002629,,,,,,,,,,-0.033987,,,,,,,,,,0.032623,,,,,,,,,,0.000000,,,,,,,,,,0.024882,,,,,,,,,,0.042062,
0.821429,,,,,,,,,,-0.028027,,,,,,,,,,0.034523,,,,,,,,,,-0.017298,,,,,,,,,,-0.021079,,,,,,,,,,-0.028647,,,,,,,,,,0.045658,,,,,,,,,,0.000000,,,,,,,,,,0.024822,,,,,,,,,,0.039553,
0.839286,,,,,,,,,,-0.019365,,,,,,,,,,0.030056,,,,,,,,,,-0.012775,,,,,,,,,,-0.038854,,,,,,,,,,-0.021171,,,,,,,,,,0.058302,,,,,,,,,,0.000000,,,,,,,,,,0.024908,,,,,,,,,,0.035305,
0.857143,,,,,,,,,,-0.008097,,,,,,,,,,0.024692,,,,,,,,,,-0.008082,,,,,,,,,,-0.050104,,,,,,,,,,-0.000239,,,,,,,,,,0.064754,,,,,,,,,,0.000000,,,,,,,,,,0.025793,,,,,,,,,,0.028001,
0.875000,,,,,,,,,,-0.002834,,,,,,,,,,0.017456,,,,,,,,,,-0.002637,,,,,,,,,,-0.062367,,,,,,,,,,0.024111,,,,,,,,,,0.065797,,,,,,,,,,0.000000,,,,,,,,,,0.027551,,,,,,,,,,0.019214,
0.892857,,,,,,,,,,-0.000308,,,,,,,,,,0.008792,,,,,,,,,,0.006329,,,,,,,,,,-0.071592,,,,,,,,,,0.041519,,,,,,,,,,0.063190,,,,,,,,,,0.000000,,,,,,,,,,0.017691,,,,,,,,,,0.009845,
0.910714,,,,,,,,,,-0.002024,,,,,,,,,,-0.001472,,,,,,,,,,0.015168,,,,,,,,,,-0.071367,,,,,,,,,,0.051344,,,,,,,,,,0.056281,,,,,,,,,,0.000000,,,,,,,,,,0.008015,,,,,,,,,,-0.000396,
0.928571,,,,,,,,,,-0.004466,,,,,,,,,,-0.011256,,,,,,,,,,0.023006,,,,,,,,,,-0.062817,,,,,,,,,,0.042694,,,,,,,,,,0.047808,,,,,,,,,,0.000000,,,,,,,,,,-0.001719,,,,,,,,,,-0.009723,
0.946429,,,,,,,,,,-0.007963,,,,,,,,,,-0.019779,,,,,,,,,,0.028226,,,,,,,,,,-0.049654,,,,,,,,,,0.035431,,,,,,,,,,0.037576,,,,,,,,,,0.000000,,,,,,,,,,-0.011441,,,,,,,,,,-0.017230,
0.964286,,,,,,,,,,-0.013666,,,,,,,,,,-0.025133,,,,,,,,,,0.030589,,,,,,,,,,-0.032666,,,,,,,,,,0.031266,,,,,,,,,,0.026171,,,,,,,,,,0.000000,,,,,,,,,,-0.021408,,,,,,,,,,-0.021482,
0.982143,,,,,,,,,,-0.017553,,,,,,,,,,-0.028384,,,,,,,,,,0.031973,,,,,,,,,,-0.016579,,,,,,,,,,0.021548,,,,,,,,,,0.015743,,,,,,,,,,0.000000,,,,,,,,,,-0.031434,,,,,,,,,,-0.023851,
1.000000,,,,,,,,,,-0.023178,,,,,,,,,,-0.030556,,,,,,,,,,0.032694,,,,,,,,,,-0.004991,,,,,,,,,,0.013858,,,,,,,,,,0.006749,,,,,,,,,,0.000000,,,,,,,,,,-0.042236,,,,,,,,,,-0.023479,
